forecast_date,forecast_day,site_catid,short_name,group,mod_max_avg8hr_ens,mod_max_avg8hr_rf,mod_max_avg8hr_gb,mod_max_avg8hr_gen1,mod_max_avg8hr_lr,mod_max_avg8hr_ab,mod_max_avg8hr_super_ens,mod_aqi_o3_ab,mod_aqi_o3_ens,mod_aqi_o3_gb,mod_aqi_o3_gen1,mod_aqi_o3_lr,mod_aqi_o3_rf,mod_aqi_o3_superens,mod_pm25avg_ens,mod_pm25avg_rf,mod_pm25avg_gb,mod_pm25avg_gen1,mod_pm25avg_lr,mod_pm25avg_ab,mod_pm25avg_superens,mod_aqi_pm_ab,mod_aqi_pm_ens,mod_aqi_pm_gb,mod_aqi_pm_gen1,mod_aqi_pm_lr,mod_aqi_pm_rf,mod_aqi_pm_superens,cmaq_prod_o3,cmaq_prod_pm,cmaq_bc_o3,cmaq_bc_pm,cmaq_bc_o3_aqi,cmaq_bc_pm_aqi,cmaq_prod_o3_aqi,cmaq_prod_pm_aqi,fcst_ozone_aqi,fcst_ozone_ppb,fcst_pm25_aqi,fcst_pm25_ugm3,region,month,lat,lon,weekday,temp_f_sunup_max,winddir_sunup_mode,winddir_mode,winddir_prevday_mode,mixingheight_magl,mixing_height_avg_sound_1and2,pw_mm_avg,rh_sunup_avg,rh_avg,background_10m_500m_avg_24hr_ozone_noon_ppb,background_24hr_pm25_17z,low_or_med_clouds,temp_24hr_change_f_max,departure_from_avg_temp,visibility_miles_avg,windspd_mph_avg,air_temp,mixdepth_10m,sp_humidity_10m,h2o_mixrate_10m,terr_msl_10m,receptor_height_10m,forecast_day_10m,background_origin_10m,mixdepth_500m,sp_humidity_500m,h2o_mixrate_500m,terr_msl_500m,receptor_height_500m,forecast_day_500m,background_origin_500m,roll_ozone_aqi,roll_pm25_aqi,roll11_ozone_aqi,roll11_pm25_aqi,persist_ozone_aqi,persist_pm25_aqi,bb3_ozone_aqi,bb3_pm25_aqi,cmaq_o3,cmaq_pm,cmaq_o3_aqi,cmaq_pm_aqi,mod_max_avg8hr,mod_aqi_o3,mod_pm25avg,mod_aqi_pm,count_ozone_obs,count_pm25_obs,obs_ozone_ppb,obs_pm25_ugm3,obs_ozone_aqi,obs_pm25_aqi,cmaq_ozone_ppb,cmaq_ozone_aqi
2020-11-20,1,27-003-1001,Cedar_Creek,North Twin Cities Metro,25.073,26.079,27.368,25.499,19.067,27.353,23.599,25,23,25,23,18,24,21,NA,NA,NA,NA,NA,NA,NA,NA,NA,NA,NA,NA,NA,NA,26.39,4.53,23.51,2.26,21,9,24,19,23,24.8,24,5.8,North_Metro,11,45.5628,-93.2644,4,40.99,NW,NW,Calm,956.54,686.705,6.56,0.642222222222,0.71,24.5,7,0.641111111111,-13.17,-1.81,9.942,9.57,272.7,556.2,3.8,3.8,325.7,10,1,"47.121, -97.322",NA,NA,NA,NA,NA,NA,NA,NA,NA,NA,NA,NA,NA,NA,NA,NA,NA,NA,NA,NA,NA,NA,NA,0,NA,-Inf,NA,-Inf,NA,23,21
2020-11-20,1,27-003-1002,Anoka,North Twin Cities Metro,28.272,28.769,28.337,28.15,23.721,32.384,29.103,30,26,26,26,21,26,27,4.675,4.385,4.401,4.076,2.599,7.915,3.16,33,19,18,17,10,18,13,24.77,9.31,22.33,5.77,20,24,22,39,26,28.1,24,5.8,North_Metro,11,45.142563,-93.212739,4,42.42,NW,NW,Calm,956.54,686.705,6.56,0.686666666667,0.72,24.5,7,0.671111111111,-10.02,-3.08,9.922,8.93,272.9,585.9,3.8,3.8,300.7,10,1,"47.122, -97.184",NA,NA,NA,NA,NA,NA,NA,NA,NA,NA,NA,NA,NA,NA,NA,NA,NA,NA,NA,NA,NA,NA,NA,24,24,24.3,7,22,29,23,21
2020-11-20,1,27-005-2013,Detroit_Lakes,Detroit Lakes,22.219,25.036,22.794,24.174,15.739,23.354,24.077,21,20,20,22,14,23,22,4.526,6.238,5.902,5.225,-1.551,6.814,4.304,28,19,25,22,0,26,18,25,6.46,26.19,2.88,24,12,23,27,20,21.6,15,3.6,NW,11,46.8285,-95.8857,4,37.73,NW,NW,NW,114,57,8.115,0.652222222222,0.68,14.5,6,0.725555555556,-2.27,0.33,9.686,10.55,268.2,345.7,2.8,2.9,674.4,10,1,"48.158, -102.647",NA,NA,NA,NA,NA,NA,NA,NA,NA,NA,NA,NA,NA,NA,NA,NA,NA,NA,NA,NA,NA,NA,NA,0,24,-Inf,4,-Inf,17,28,26
2020-11-20,1,27-007-2304,Red_Lake,Red Lake,26.053,28.312,29.706,26.763,22.129,23.354,29.784,21,24,27,24,20,26,27,3.489,5.892,3.8,4.776,-2.996,5.976,3.885,25,14,15,20,0,24,16,28.44,2.42,27.33,6.71,25,28,26,10,24,25.9,29,7,NW,11,47.5076,-94.9277,4,36.19,NW,NW,NW,1034.3,934.285,5.455,0.553333333333,0.6,25,10,0.807777777778,-2.33,-0.55,9.755,10.89,271.4,724.9,3,3,390.3,10,1,"49.15, -98.192",NA,NA,NA,NA,NA,NA,NA,NA,NA,NA,NA,NA,NA,NA,NA,NA,NA,NA,NA,NA,NA,NA,NA,NA,24,NA,5.7,NA,24,29,27
2020-11-20,1,27-017-7417,Fond_Du_Lac,Fond du Lac,26.822,27.734,28.587,29.492,22.578,25.718,25.811,23,24,26,27,20,25,23,5.382,4.776,4.667,4.697,5.516,7.253,3.861,30,22,19,19,23,20,16,25.52,3.7,25.27,2.01,23,8,23,15,24,25.9,10,2.4,Fond_du_Lac_r,11,46.698575,-92.50345,4,38.89,NW,NW,Calm,1034.3,934.285,5.455,0.642222222222,0.68,19.5,8.6,0.895555555556,-8.03,-0.31,10,10.57,273.6,737.7,3.5,3.5,344.3,10,1,"47.894, -96.018",NA,NA,NA,NA,NA,NA,NA,NA,NA,NA,NA,NA,NA,NA,NA,NA,NA,NA,NA,NA,NA,NA,NA,0,0,-Inf,NA,-Inf,NA,25,23
2020-11-20,1,27-021-3410,Leech_Lake,Leech Lake,23.098,26.731,29.12,25.016,13.888,20.733,26.99,19,21,27,23,12,24,24,3.5,5.825,3.294,4.776,-2.131,5.735,3.944,24,14,13,20,0,24,16,27.68,3.16,27.64,3.68,25,15,25,13,21,22.7,14,3.4,NW,11,47.5076,-94.9277,4,36.19,NW,NW,NW,1034.3,934.285,5.455,0.553333333333,0.6,12.5,10,0.807777777778,-2.33,-0.55,9.755,10.89,269.5,567.2,3,3,488.7,10,1,"48.122, -99.862",NA,NA,NA,NA,NA,NA,NA,NA,NA,NA,NA,NA,NA,NA,NA,NA,NA,NA,NA,NA,NA,NA,NA,NA,24,NA,3.4,NA,14,28,26
2020-11-20,1,27-031-7810,Grand_Portage,Grand Portage,31.472,30.46,30.49,30.104,33.838,32.469,28.73,30,29,28,28,31,28,26,3.571,4.448,3.541,3.259,1.313,5.292,2.459,22,15,15,13,5,18,10,26.96,2.44,26.61,2.12,24,9,24,10,29,31.3,10,2.4,NE,11,47.7472,-90.3433,4,38.82,NW,NW,Calm,1034.3,934.285,5.455,0.533333333333,0.59,24.15,8,0.683333333333,-8.75,-2.18,9.92,10.5,273.2,869.2,3.1,3.2,352.8,10,1,"49.153, -93.996",NA,NA,NA,NA,NA,NA,NA,NA,NA,NA,NA,NA,NA,NA,NA,NA,NA,NA,NA,NA,NA,NA,NA,NA,24,NA,3.5,NA,15,27,25
2020-11-20,1,27-035-3204,Brainerd,Brainerd,30.573,28.485,30.742,28.33,33.473,31.833,31.539,29,28,28,26,31,26,29,2.793,3.183,2.649,2.891,0.271,4.97,2.982,20,11,11,12,1,13,12,27.05,3.3,27.14,3.88,25,16,25,14,28,30.2,16,3.8,Central,11,46.402062,-94.12736,4,40.45,NW,NW,Calm,956.54,686.705,6.56,0.594444444444,0.63,26.5,3,0.723333333333,-9.69,-0.01,9.942,10.67,272.4,620.6,3.7,3.7,393.8,10,1,"47.388, -97.838",NA,NA,NA,NA,NA,NA,NA,NA,NA,NA,NA,NA,NA,NA,NA,NA,NA,NA,NA,NA,NA,NA,NA,0,24,-Inf,3.4,-Inf,14,27,25
2020-11-20,1,27-037-0470,Apple_Valley,South Twin Cities Metro,NA,NA,NA,NA,NA,NA,NA,NA,NA,NA,NA,NA,NA,NA,5.971,4.978,4.873,4.915,6.534,8.554,4.353,35,25,20,20,27,20,18,24.16,10.14,21.71,6.47,19,27,22,42,NA,NA,23,5.5,South_Metro,11,44.8249,-93.457,4,42.45,NW,NW,Calm,956.54,686.705,6.56,0.693333333333,0.74,25.55,6.75,0.555555555556,-12.06,-2.2,9.861,8.74,271.3,688.1,3.4,3.4,276.3,10,1,"47.34, -97.058",NA,NA,NA,NA,NA,NA,NA,NA,NA,NA,NA,NA,NA,NA,NA,NA,NA,NA,NA,NA,NA,NA,NA,NA,24,NA,8,NA,33,22,20
2020-11-20,1,27-037-0480,Lakeville,South Twin Cities Metro,NA,NA,NA,NA,NA,NA,NA,NA,NA,NA,NA,NA,NA,NA,6.234,4.853,5.725,4.699,7.342,8.553,4.723,35,26,24,19,30,20,20,24.85,9.95,22.29,6.35,20,26,22,41,NA,NA,23,5.5,South_Metro,11,44.6252,-93.2273,4,45.11,W,NW,Calm,956.54,686.705,6.56,0.613333333333,0.68,26.5,6.5,0.558888888889,-10.15,2.31,9.888,9.27,272.3,683.8,3.6,3.6,272.3,10,1,"47.271, -97.03",NA,NA,NA,NA,NA,NA,NA,NA,NA,NA,NA,NA,NA,NA,NA,NA,NA,NA,NA,NA,NA,NA,NA,NA,24,NA,9.6,NA,40,23,21
2020-11-20,1,27-049-5302,Stanton,South Twin Cities Metro,30.146,27.322,27.649,27.401,39.616,28.74,30.571,26,28,25,25,36,25,28,NA,NA,NA,NA,NA,NA,NA,NA,NA,NA,NA,NA,NA,NA,26.73,9.46,25.83,6.06,23,25,24,39,28,30.2,23,5.5,South_Metro,11,44.6252,-93.2273,4,45.11,W,NW,Calm,956.54,686.705,6.56,0.613333333333,0.68,26.5,5.2,0.558888888889,-10.15,2.31,9.888,9.27,276.2,396.2,4.1,4.1,288,10,1,"46.655, -96.614",NA,NA,NA,NA,NA,NA,NA,NA,NA,NA,NA,NA,NA,NA,NA,NA,NA,NA,NA,NA,NA,NA,NA,0,NA,-Inf,NA,-Inf,NA,25,23
2020-11-20,1,27-053-0962,MSP,Minneapolis-St. Paul,18.405,16.937,16.444,16.366,19.127,23.148,18.636,21,17,15,15,18,15,17,10.978,10.552,9.908,9.386,13.016,12.026,8.798,50,45,41,39,53,44,36,21.62,8.06,20.23,5.74,19,24,19,33,17,18.4,27,6.5,MSP,11,44.8852,-93.2313,4,42.15,NW,NW,Calm,956.54,686.705,6.56,0.673333333333,0.72,24.5,7,0.585555555556,-11.89,-2.225,9.928,8.63,271,647.5,3.3,3.4,308.4,10,1,"47.243, -97.253",NA,NA,NA,NA,NA,NA,NA,NA,NA,NA,NA,NA,NA,NA,NA,NA,NA,NA,NA,NA,NA,NA,NA,0,24,-Inf,7.3,-Inf,30,21,19
2020-11-20,1,27-053-0963,HC_Anderson,Minneapolis-St. Paul,NA,NA,NA,NA,NA,NA,NA,NA,NA,NA,NA,NA,NA,NA,6.586,5.739,4.858,5.56,8.084,8.687,4.85,36,27,20,23,33,24,20,21.73,8.17,20.23,5.74,19,24,19,34,NA,NA,27,6.5,MSP,11,44.8852,-93.2313,4,42.15,NW,NW,Calm,956.54,686.705,6.56,0.673333333333,0.72,24.5,7,0.585555555556,-11.89,-2.225,9.928,8.63,271.1,643.4,3.4,3.4,307.4,10,1,"47.238, -97.242",NA,NA,NA,NA,NA,NA,NA,NA,NA,NA,NA,NA,NA,NA,NA,NA,NA,NA,NA,NA,NA,NA,NA,NA,24,NA,6.2,NA,26,21,19
2020-11-20,1,27-053-2006,St_Louis_Park,Minneapolis-St. Paul,NA,NA,NA,NA,NA,NA,NA,NA,NA,NA,NA,NA,NA,NA,5.731,5.318,5.536,5.544,5.746,6.513,5.209,27,24,23,23,24,22,22,23.27,7.43,21.48,4.99,19,20,21,31,NA,NA,27,6.5,MSP,11,45.061746,-93.353996,4,41.87,NW,NW,Calm,956.54,686.705,6.56,0.645555555556,0.7,24.5,7,0.622222222222,-11.9,-1.65,9.907,8.7,271.7,590.6,3.5,3.5,310.5,10,1,"47.161, -97.248",NA,NA,NA,NA,NA,NA,NA,NA,NA,NA,NA,NA,NA,NA,NA,NA,NA,NA,NA,NA,NA,NA,NA,NA,NA,NA,NA,NA,NA,23,21
2020-11-20,1,27-075-0005,Ely,Ely,31.641,30.455,30.092,30.361,34.043,33.252,30.598,31,29,28,28,31,28,28,6.951,4.693,5.256,3.63,10.399,10.779,4.108,45,29,22,15,43,19,17,27.64,2.38,29.14,5.87,27,24,25,10,29,31.3,24,5.8,NE,11,47.824724,-91.832975,4,34.7,NW,NW,Calm,1034.3,934.285,5.455,0.634444444444,0.65,25,8,0.936666666667,-7.83,-0.9,8.341,8.79,273.4,812.2,3.2,3.2,362.1,10,1,"48.704, -95.171",NA,NA,NA,NA,NA,NA,NA,NA,NA,NA,NA,NA,NA,NA,NA,NA,NA,NA,NA,NA,NA,NA,NA,0,22,-Inf,3.3,-Inf,14,29,27
2020-11-20,1,27-083-4210,Marshall,Marshall,30.64,28.301,31.851,28.533,32.526,31.992,29.175,29,28,29,26,30,26,27,5.066,4.875,4.142,6.243,3.786,6.284,3.554,26,21,17,26,15,20,15,28.27,7.05,26.57,6.27,24,26,26,29,28,30.2,24,5.8,SW,11,44.450439,-95.821504,4,43.66,NW,NW,NW,956.54,686.705,6.56,0.614444444444,0.67,26.5,3.85,0.281111111111,-11.15,-0.94,10,7.21,273.3,268.2,4,4,416.2,10,1,"46.338, -98.146",NA,NA,NA,NA,NA,NA,NA,NA,NA,NA,NA,NA,NA,NA,NA,NA,NA,NA,NA,NA,NA,NA,NA,0,24,-Inf,9.4,-Inf,39,24,22
2020-11-20,1,27-095-3051,Mille_Lacs,Mille Lacs,26.908,26.708,30.006,25.449,27.222,25.158,24.195,23,24,28,23,25,24,22,3.391,3.377,3.6,3.172,1.352,5.452,3.013,23,14,15,13,5,14,13,26.83,3.29,27.87,2.82,25,12,24,13,24,25.9,16,3.8,Central,11,46.548965,-93.675734,4,33.01,NW,NW,Calm,956.54,686.705,6.56,0.665555555556,0.76,24.5,7,0.785555555556,-17.68,-6.49,9.861,10.97,273.1,667.9,3.7,3.7,336.9,10,1,"47.297, -97.426",NA,NA,NA,NA,NA,NA,NA,NA,NA,NA,NA,NA,NA,NA,NA,NA,NA,NA,NA,NA,NA,NA,NA,0,NA,-Inf,NA,-Inf,NA,27,25
2020-11-20,1,27-109-5008,Rochester,Rochester,28.211,27.092,25.264,26.941,35.07,26.687,27.27,24,26,23,24,32,25,25,7.05,5.498,6.012,5.124,9.992,8.624,6.401,36,29,25,21,41,23,27,27.57,12.4,24.77,6,22,25,25,52,26,28.1,22,5.3,SE,11,43.904,-92.4921,4,42.52,NW,NW,SW,956.54,686.705,6.56,0.746666666667,0.83,26.5,6.1,0.386666666667,-14.82,-4.96,10,10.35,276.4,250,4.6,4.6,383.6,10,1,"45.754, -95.798",NA,NA,NA,NA,NA,NA,NA,NA,NA,NA,NA,NA,NA,NA,NA,NA,NA,NA,NA,NA,NA,NA,NA,0,24,-Inf,7.3,-Inf,30,25,23
2020-11-20,1,27-123-0868,Ramsey_Health,Minneapolis-St. Paul,NA,NA,NA,NA,NA,NA,NA,NA,NA,NA,NA,NA,NA,NA,6.082,6.03,5.968,6.151,4.423,7.837,5.069,33,25,25,25,18,25,21,21.32,9.59,19.35,6.1,18,25,19,40,NA,NA,27,6.5,MSP,11,44.9323,-93.0559,4,42.2,NW,NW,Calm,956.54,686.705,6.56,0.704444444444,0.74,19.5,7,0.618888888889,-12.68,-2.45,9.906,8.75,270.2,744.7,3.3,3.3,288,10,1,"47.427, -97.159",NA,NA,NA,NA,NA,NA,NA,NA,NA,NA,NA,NA,NA,NA,NA,NA,NA,NA,NA,NA,NA,NA,NA,NA,NA,NA,NA,NA,NA,20,19
2020-11-20,1,27-123-0871,Harding,Minneapolis-St. Paul,NA,NA,NA,NA,NA,NA,NA,NA,NA,NA,NA,NA,NA,NA,5.049,5.735,4.838,5.313,2.779,6.581,4.063,27,21,20,22,11,24,17,21.5,9.85,19.32,5.62,18,23,19,41,NA,NA,27,6.5,MSP,11,44.9323,-93.0559,4,42.2,NW,NW,Calm,956.54,686.705,6.56,0.704444444444,0.74,19.5,7,0.618888888889,-12.68,-2.45,9.906,8.75,270.9,722.7,3.3,3.4,282.9,10,1,"47.416, -97.11",NA,NA,NA,NA,NA,NA,NA,NA,NA,NA,NA,NA,NA,NA,NA,NA,NA,NA,NA,NA,NA,NA,NA,NA,24,NA,7.5,NA,31,22,20
2020-11-20,1,27-137-7001,Virginia,Virginia,31.858,30.441,31.335,30.358,33.902,33.252,32.349,31,29,29,28,31,28,30,8.54,8.827,9.534,6.152,10.01,8.178,7.962,34,35,40,25,42,37,33,23.16,3.99,22.38,3.72,20,15,21,16,29,31.3,15,3.6,NE,11,47.4274,-92.4973,4,34.25,NW,NW,Calm,1034.3,934.285,5.455,0.574444444444,0.65,25,8,0.902222222222,-8.38,-2.25,9.063,9.37,272.7,823.7,3.1,3.1,328.3,10,1,"48.586, -96.366",NA,NA,NA,NA,NA,NA,NA,NA,NA,NA,NA,NA,NA,NA,NA,NA,NA,NA,NA,NA,NA,NA,NA,NA,23,NA,4,NA,17,23,21
2020-11-20,1,27-137-7550,Duluth_WDSE,Duluth,25.969,25.922,28.043,25.634,23.478,26.768,24.32,24,23,26,23,21,23,22,4.138,3.88,2.816,5.301,3.903,4.788,3.077,20,17,12,22,16,16,13,25.13,3.89,26.49,3.5,24,15,23,16,23,24.8,25,6,Duluth,11,46.8434,-92.1866,4,38.55,NW,NW,W,1034.3,934.285,5.455,0.624444444444,0.66,21.5,10,0.874444444444,-4.88,-0.2,9.977,10.66,273.7,872.7,3.3,3.3,251.3,10,1,"48.151, -96.911",NA,NA,NA,NA,NA,NA,NA,NA,NA,NA,NA,NA,NA,NA,NA,NA,NA,NA,NA,NA,NA,NA,NA,24,24,26,3.5,24,15,26,24
2020-11-20,1,27-139-0505,Shakopee,South Twin Cities Metro,25.984,25.547,28.783,25.435,24.791,25.364,27.274,23,23,26,23,22,23,25,6.003,4.418,3.846,4.285,10.285,7.181,6.167,30,25,16,18,43,18,25,26.26,8.18,23.43,5.16,21,21,24,34,23,24.8,23,5.5,South_Metro,11,44.824871,-93.457042,4,42.45,NW,NW,Calm,956.54,686.705,6.56,0.693333333333,0.74,25.45,6.75,0.555555555556,-12.06,-2.195,9.861,8.74,270.7,621.3,3.3,3.3,313.2,10,1,"47.193, -97.271",NA,NA,NA,NA,NA,NA,NA,NA,NA,NA,NA,NA,NA,NA,NA,NA,NA,NA,NA,NA,NA,NA,NA,24,24,21.4,7.9,19,33,25,23
2020-11-20,1,27-145-3052,St_Cloud,St. Cloud,26.851,26.835,29.419,26.337,23.913,27.749,25.161,25,24,27,24,21,24,23,4.375,4.456,4.045,4.377,3.189,5.808,3.392,24,18,17,18,13,18,14,24.95,6.19,24.31,4.35,22,18,22,25,24,25.9,18,4.3,Central,11,45.54415,-94.051625,4,38.68,NW,NW,Calm,956.54,686.705,6.56,0.705555555556,0.77,25.5,4.95,0.617777777778,-17.78,-4.03,9.861,10.44,273,460.2,3.7,3.7,368,10,1,"46.98, -97.71",NA,NA,NA,NA,NA,NA,NA,NA,NA,NA,NA,NA,NA,NA,NA,NA,NA,NA,NA,NA,NA,NA,NA,0,24,-Inf,7.1,-Inf,30,22,20
2020-11-20,1,27-163-6016,Marine_St_Croix,North Twin Cities Metro,27.972,26.532,27.98,26.514,33.092,25.742,26.924,23,25,25,24,31,24,24,NA,NA,NA,NA,NA,NA,NA,NA,NA,NA,NA,NA,NA,NA,26.43,5.98,24.35,3.15,22,13,24,25,25,27,24,5.8,North_Metro,11,44.592622,-92.48438,4,45.15,W,NW,Calm,956.54,686.705,6.56,0.672222222222,0.72,19.5,7,0.597777777778,-11.61,0.55,9.882,10.12,274.9,557.8,3.8,3.8,270.6,10,1,"47.254, -96.725",NA,NA,NA,NA,NA,NA,NA,NA,NA,NA,NA,NA,NA,NA,NA,NA,NA,NA,NA,NA,NA,NA,NA,0,NA,-Inf,NA,-Inf,NA,25,23
2020-11-20,1,27-171-3201,St_Michael,North Twin Cities Metro,27.684,27.503,30.308,27.883,24.222,28.505,28.522,26,25,28,25,22,25,26,5.436,6.024,6.043,5.287,1.86,7.963,3.397,33,23,25,22,8,25,14,25.61,6.81,22.74,5.03,20,21,23,28,25,27,24,5.8,North_Metro,11,45.54415,-94.051625,4,38.68,NW,NW,Calm,956.54,686.705,6.56,0.705555555556,0.77,24.5,7,0.617777777778,-17.78,-4.03,9.861,10.44,272.9,478.7,3.7,3.7,344.7,10,1,"46.999, -97.437",NA,NA,NA,NA,NA,NA,NA,NA,NA,NA,NA,NA,NA,NA,NA,NA,NA,NA,NA,NA,NA,NA,NA,0,24,-Inf,8.8,-Inf,37,22,20
2020-11-20,1,38-017-1004,Fargo,Moorhead,26.592,26.345,26.331,27.639,23.897,28.746,24.683,26,24,24,25,21,24,22,12.29,8.516,7.29,15.928,16.795,12.921,6.883,53,51,30,59,61,35,28,24.51,4.36,20.15,7.47,19,31,22,18,24,25.9,31,7.4,NW,11,46.9111,-96.8147,4,37.18,NW,NW,N,114,57,8.115,0.572222222222,0.65,18,12,0.581111111111,-4.43,-2.29,10,8.14,266.9,458,2.4,2.4,578.2,10,1,"49.997, -104.628",NA,NA,NA,NA,NA,NA,NA,NA,NA,NA,NA,NA,NA,NA,NA,NA,NA,NA,NA,NA,NA,NA,NA,NA,NA,22,7.9,20,33,21,19
2020-11-20,1,55-063-0012,Winona,Winona,31.41,30.471,31.914,30.638,33.189,30.839,31.09,28,29,29,28,31,28,29,6.572,6.383,5.203,6.308,6.718,8.246,4.12,34,27,22,26,28,26,17,27.15,13.84,24.78,11.24,22,47,25,55,29,31.3,38,9.1,SE,11,43.8792,-91.2532,4,51.1,NW,NW,SW,956.54,686.705,6.56,0.66,0.69,20.5,8.85,0.481111111111,-11.8,5.6,10,9.43,275.4,263.2,4.6,4.6,353.3,10,1,"45.426, -94.589",NA,NA,NA,NA,NA,NA,NA,NA,NA,NA,NA,NA,NA,NA,NA,NA,NA,NA,NA,NA,NA,NA,NA,NA,NA,NA,12.3,NA,51,22,20
2020-11-21,1,27-003-1001,Cedar_Creek,North Twin Cities Metro,31.119,31.039,32.692,31.163,31.813,28.886,33.163,26,29,30,29,29,29,31,NA,NA,NA,NA,NA,NA,NA,NA,NA,NA,NA,NA,NA,NA,22.61,12.93,23.07,7.64,21,32,20,53,29,31.3,NA,NA,North_Metro,11,45.5628,-93.2644,5,41.16,S,S,W,115.68,57.84,5.115,0.635555555556,0.67,25.35,5.7,0.0744444444444,1.56,-1.64,10,6.16,NA,NA,NA,NA,NA,NA,NA,NA,NA,NA,NA,NA,NA,NA,NA,NA,NA,NA,NA,NA,NA,NA,NA,NA,NA,NA,NA,NA,NA,NA,NA,NA,NA,NA,NA,NA,NA,NA,NA
2020-11-21,1,27-003-1002,Anoka,North Twin Cities Metro,31.072,30.952,28.834,29.031,32.908,33.636,29.683,31,29,26,27,30,28,27,8.851,8.858,8.595,8.115,7.499,11.185,7.3,46,37,35,34,31,37,30,18.24,19.1,17.58,11.91,16,50,17,66,29,31.3,37,8.9,North_Metro,11,45.142563,-93.212739,5,41.39,Calm,Calm,NW,115.68,57.84,5.115,0.636666666667,0.66,25.4,6.1,0.0833333333333,-1,-4.11,10,5.26,NA,NA,NA,NA,NA,NA,NA,NA,NA,NA,NA,NA,NA,NA,NA,NA,NA,NA,NA,NA,NA,NA,NA,NA,NA,NA,NA,NA,NA,NA,NA,NA,NA,NA,NA,NA,NA,NA,NA
2020-11-21,1,27-005-2013,Detroit_Lakes,Detroit Lakes,32.488,32.529,32.198,32.974,33.156,31.581,31.696,29,30,30,30,31,30,29,5.547,6.121,6.195,6.114,2.417,6.89,4.008,28,23,25,25,10,25,17,26.12,11.8,25.86,5.4,23,23,24,49,30,32.4,23,5.5,NW,11,46.8285,-95.8857,5,40.81,S,S,NW,194.25,115.645,8.315,0.667777777778,0.66,29.05,5.25,0.257777777778,8.44,3.41,10,9.32,NA,NA,NA,NA,NA,NA,NA,NA,NA,NA,NA,NA,NA,NA,NA,NA,NA,NA,NA,NA,NA,NA,NA,NA,NA,NA,NA,NA,NA,NA,NA,NA,NA,NA,NA,NA,NA,NA,NA
2020-11-21,1,27-007-2304,Red_Lake,Red Lake,31.543,32.263,32.242,31.672,33.487,28.053,31.738,26,29,30,29,31,30,29,3.763,5.201,4.195,5.481,-1.708,5.647,3.966,23,15,17,23,0,22,16,29.29,5.33,28.93,7.07,26,29,27,22,29,31.3,15,3.6,NW,11,47.5076,-94.9277,5,42.61,S,S,NW,193.21,152.1,6.315,0.598888888889,0.63,27.5,3.35,0.286666666667,12.68,5.87,10,8.64,NA,NA,NA,NA,NA,NA,NA,NA,NA,NA,NA,NA,NA,NA,NA,NA,NA,NA,NA,NA,NA,NA,NA,NA,NA,NA,NA,NA,NA,NA,NA,NA,NA,NA,NA,NA,NA,NA,NA
2020-11-21,1,27-017-7417,Fond_Du_Lac,Fond du Lac,31.66,30.844,31.127,32.012,30.818,33.497,28.765,31,29,29,30,28,28,26,5.683,4.626,5.003,4.944,7.115,6.728,4.288,28,23,21,20,30,19,18,26.53,5.57,27.21,2.37,25,10,24,23,29,31.3,23,5.5,Fond_du_Lac_r,11,46.698575,-92.50345,5,34.81,SW,SW,W,193.21,152.1,6.315,0.707777777778,0.68,23,5.8,0.0288888888889,0.54,-4.39,10,6.96,NA,NA,NA,NA,NA,NA,NA,NA,NA,NA,NA,NA,NA,NA,NA,NA,NA,NA,NA,NA,NA,NA,NA,NA,NA,NA,NA,NA,NA,NA,NA,NA,NA,NA,NA,NA,NA,NA,NA
2020-11-21,1,27-021-3410,Leech_Lake,Leech Lake,29.659,30.976,28.267,30.479,30.521,28.053,26.795,26,27,26,28,28,28,24,4.678,5.515,3.895,5.666,1.604,6.712,3.475,28,19,16,23,7,23,14,29.53,5.71,29.09,4.16,27,17,27,24,27,29.2,19,4.6,NW,11,47.5076,-94.9277,5,42.61,S,S,NW,193.21,152.1,6.315,0.598888888889,0.63,23,5.95,0.286666666667,12.68,5.87,10,8.64,NA,NA,NA,NA,NA,NA,NA,NA,NA,NA,NA,NA,NA,NA,NA,NA,NA,NA,NA,NA,NA,NA,NA,NA,NA,NA,NA,NA,NA,NA,NA,NA,NA,NA,NA,NA,NA,NA,NA
2020-11-21,1,27-031-7810,Grand_Portage,Grand Portage,41.257,38.602,41.977,36.859,45.516,43.332,40.336,40,38,38,33,42,35,37,3.473,4.235,4.013,3.809,-0.783,6.092,1.895,25,14,17,16,0,18,8,28.05,1.96,28.16,1.52,26,6,26,8,38,41,14,3.4,NE,11,47.7472,-90.3433,5,40.17,SW,SW,NW,193.21,152.1,6.315,0.626666666667,0.6,32,4.5,0.251111111111,3.2,-0.83,10,8.29,NA,NA,NA,NA,NA,NA,NA,NA,NA,NA,NA,NA,NA,NA,NA,NA,NA,NA,NA,NA,NA,NA,NA,NA,NA,NA,NA,NA,NA,NA,NA,NA,NA,NA,NA,NA,NA,NA,NA
2020-11-21,1,27-035-3204,Brainerd,Brainerd,34.639,32.644,33.361,32.152,41.52,33.519,33.459,31,31,31,30,38,30,31,5.637,4.666,3.96,4.495,5.013,10.054,5.074,42,23,16,18,21,19,21,27.18,7.35,24.33,4.03,22,17,25,30,31,33.5,23,5.5,Central,11,46.402062,-94.12736,5,40.71,S,S,NW,115.68,57.84,5.115,0.656666666667,0.65,23.5,5.75,0.0533333333333,6.62,0.25,9.977,7.95,NA,NA,NA,NA,NA,NA,NA,NA,NA,NA,NA,NA,NA,NA,NA,NA,NA,NA,NA,NA,NA,NA,NA,NA,NA,NA,NA,NA,NA,NA,NA,NA,NA,NA,NA,NA,NA,NA,NA
2020-11-21,1,27-037-0470,Apple_Valley,South Twin Cities Metro,NA,NA,NA,NA,NA,NA,NA,NA,NA,NA,NA,NA,NA,NA,8.788,8.669,7.302,8.522,9.978,9.467,6.818,39,36,30,35,41,36,28,24.86,12.03,25.9,6.4,23,27,22,50,NA,NA,36,8.6,South_Metro,11,44.8249,-93.457,5,42.91,Calm,Calm,NW,115.68,57.84,5.115,0.643333333333,0.68,25,6.8,0.0877777777778,0.73,-1.74,10,5.43,NA,NA,NA,NA,NA,NA,NA,NA,NA,NA,NA,NA,NA,NA,NA,NA,NA,NA,NA,NA,NA,NA,NA,NA,NA,NA,NA,NA,NA,NA,NA,NA,NA,NA,NA,NA,NA,NA,NA
2020-11-21,1,27-037-0480,Lakeville,South Twin Cities Metro,NA,NA,NA,NA,NA,NA,NA,NA,NA,NA,NA,NA,NA,NA,9.639,9,10.311,8.807,11.386,8.692,8.479,36,40,43,37,47,38,35,25.08,13.05,25.4,7.41,23,31,23,53,NA,NA,40,9.6,South_Metro,11,44.6252,-93.2273,5,44.3,Calm,Calm,NW,115.68,57.84,5.115,0.583333333333,0.64,25,6.65,0.07,2.87,1.5,10,5.31,NA,NA,NA,NA,NA,NA,NA,NA,NA,NA,NA,NA,NA,NA,NA,NA,NA,NA,NA,NA,NA,NA,NA,NA,NA,NA,NA,NA,NA,NA,NA,NA,NA,NA,NA,NA,NA,NA,NA
2020-11-21,1,27-049-5302,Stanton,South Twin Cities Metro,31.393,28.1,28.353,28.572,41.143,30.796,34.114,28,29,26,26,38,26,31,NA,NA,NA,NA,NA,NA,NA,NA,NA,NA,NA,NA,NA,NA,28.54,12.5,28.25,7.08,26,29,26,52,29,31.3,NA,NA,South_Metro,11,44.6252,-93.2273,5,44.3,Calm,Calm,NW,115.68,57.84,5.115,0.583333333333,0.64,19,7.55,0.07,2.87,1.5,10,5.31,NA,NA,NA,NA,NA,NA,NA,NA,NA,NA,NA,NA,NA,NA,NA,NA,NA,NA,NA,NA,NA,NA,NA,NA,NA,NA,NA,NA,NA,NA,NA,NA,NA,NA,NA,NA,NA,NA,NA
2020-11-21,1,27-053-0962,MSP,Minneapolis-St. Paul,23.369,21.787,21.098,20.996,28.575,24.39,20.339,22,21,19,19,26,19,19,10.995,9.158,9.413,10.373,14.013,12.021,8.511,50,45,39,43,55,38,35,14.51,14.11,19.23,9.96,18,41,13,55,21,22.7,45,10.8,MSP,11,44.8852,-93.2313,5,42.75,Calm,Calm,NW,115.68,57.84,5.115,0.621111111111,0.65,19.55,6.6,0.141111111111,-0.17,-1.625,10,4.87,NA,NA,NA,NA,NA,NA,NA,NA,NA,NA,NA,NA,NA,NA,NA,NA,NA,NA,NA,NA,NA,NA,NA,NA,NA,NA,NA,NA,NA,NA,NA,NA,NA,NA,NA,NA,NA,NA,NA
2020-11-21,1,27-053-0963,HC_Anderson,Minneapolis-St. Paul,NA,NA,NA,NA,NA,NA,NA,NA,NA,NA,NA,NA,NA,NA,9.717,8.19,9.157,8.351,12.03,10.859,7.672,45,40,38,35,50,34,32,15.29,13.68,19.76,9.37,18,39,14,54,NA,NA,40,9.6,MSP,11,44.8852,-93.2313,5,42.75,Calm,Calm,NW,115.68,57.84,5.115,0.621111111111,0.65,18.02,5.62,0.141111111111,-0.17,-1.625,10,4.87,NA,NA,NA,NA,NA,NA,NA,NA,NA,NA,NA,NA,NA,NA,NA,NA,NA,NA,NA,NA,NA,NA,NA,NA,NA,NA,NA,NA,NA,NA,NA,NA,NA,NA,NA,NA,NA,NA,NA
2020-11-21,1,27-053-2006,St_Louis_Park,Minneapolis-St. Paul,NA,NA,NA,NA,NA,NA,NA,NA,NA,NA,NA,NA,NA,NA,8.327,7.234,7.93,7.042,10.166,9.261,8.395,38,35,33,29,42,30,35,18,12.69,20.94,8.28,19,34,17,52,NA,NA,35,8.4,MSP,11,45.061746,-93.353996,5,42.03,Calm,Calm,NW,115.68,57.84,5.115,0.621111111111,0.65,25.7,6.55,0.12,0.74,-1.49,10,5.27,NA,NA,NA,NA,NA,NA,NA,NA,NA,NA,NA,NA,NA,NA,NA,NA,NA,NA,NA,NA,NA,NA,NA,NA,NA,NA,NA,NA,NA,NA,NA,NA,NA,NA,NA,NA,NA,NA,NA
2020-11-21,1,27-075-0005,Ely,Ely,36.982,33.328,36.108,32.114,41.254,42.106,33.048,39,33,33,30,38,31,31,5.402,3.732,3.955,3.536,10.106,5.681,3.546,23,23,16,15,42,15,15,28.85,2.48,31.48,4.67,29,19,26,10,33,35.6,23,5.5,NE,11,47.824724,-91.832975,5,37.07,SW,SW,W,193.21,152.1,6.315,0.687777777778,0.68,24.65,3.5,0.111111111111,6.01,1.47,9.992,7.06,NA,NA,NA,NA,NA,NA,NA,NA,NA,NA,NA,NA,NA,NA,NA,NA,NA,NA,NA,NA,NA,NA,NA,NA,NA,NA,NA,NA,NA,NA,NA,NA,NA,NA,NA,NA,NA,NA,NA
2020-11-21,1,27-083-4210,Marshall,Marshall,34.653,31.816,33.84,31.781,41.687,34.144,34.047,31,31,31,29,38,29,31,7.924,6.952,6.195,8.027,8.176,10.269,5.033,43,33,25,33,34,29,21,27.41,11.39,26.86,5.69,24,23,25,47,31,33.5,33,7.9,SW,11,44.450439,-95.821504,5,48.34,SW,S,NW,115.68,57.84,5.115,0.57,0.63,26.5,6.95,0.00333333333333,9.88,3.74,10,8.29,NA,NA,NA,NA,NA,NA,NA,NA,NA,NA,NA,NA,NA,NA,NA,NA,NA,NA,NA,NA,NA,NA,NA,NA,NA,NA,NA,NA,NA,NA,NA,NA,NA,NA,NA,NA,NA,NA,NA
2020-11-21,1,27-095-3051,Mille_Lacs,Mille Lacs,32.566,30.885,33.139,30.801,36.154,31.852,29.581,29,30,31,28,33,28,27,5.641,4.117,5.61,4.091,4.561,9.828,5.669,41,23,23,17,19,17,23,26.35,6.72,25.92,3.12,23,13,24,28,30,32.4,23,5.5,Central,11,46.548965,-93.675734,5,37.03,S,S,NW,115.68,57.84,5.115,0.721111111111,0.77,23.5,5.75,0.0211111111111,0.89,-2.47,10,7.86,NA,NA,NA,NA,NA,NA,NA,NA,NA,NA,NA,NA,NA,NA,NA,NA,NA,NA,NA,NA,NA,NA,NA,NA,NA,NA,NA,NA,NA,NA,NA,NA,NA,NA,NA,NA,NA,NA,NA
2020-11-21,1,27-109-5008,Rochester,Rochester,30.89,28.1,27.233,28.54,37.545,33.032,30.806,31,28,25,26,34,26,28,10.352,8.335,7.807,9.741,15.321,10.557,6.142,44,43,33,40,58,35,25,25.02,14.84,25.07,8.4,23,35,23,57,28,30.2,43,10.3,SE,11,43.904,-92.4921,5,41.13,Calm,Calm,NW,115.68,57.84,5.115,0.63,0.71,19,7.55,0.0766666666667,-2.36,-6.35,10,4.12,NA,NA,NA,NA,NA,NA,NA,NA,NA,NA,NA,NA,NA,NA,NA,NA,NA,NA,NA,NA,NA,NA,NA,NA,NA,NA,NA,NA,NA,NA,NA,NA,NA,NA,NA,NA,NA,NA,NA
2020-11-21,1,27-123-0868,Ramsey_Health,Minneapolis-St. Paul,NA,NA,NA,NA,NA,NA,NA,NA,NA,NA,NA,NA,NA,NA,9.243,8.768,7.97,9.701,8.904,10.872,7.431,45,38,33,40,37,36,31,17.17,15.47,20.84,9.69,19,40,16,58,NA,NA,38,9.1,MSP,11,44.9323,-93.0559,5,42.24,Calm,Calm,NW,115.68,57.84,5.115,0.635555555556,0.66,19,6.65,0.148888888889,-0.93,-2.41,10,4.76,NA,NA,NA,NA,NA,NA,NA,NA,NA,NA,NA,NA,NA,NA,NA,NA,NA,NA,NA,NA,NA,NA,NA,NA,NA,NA,NA,NA,NA,NA,NA,NA,NA,NA,NA,NA,NA,NA,NA
2020-11-21,1,27-123-0871,Harding,Minneapolis-St. Paul,NA,NA,NA,NA,NA,NA,NA,NA,NA,NA,NA,NA,NA,NA,8.372,7.091,8.286,9.021,7.73,9.732,7.206,40,35,34,38,32,29,30,17.29,16.91,19.81,10.1,18,42,16,61,NA,NA,35,8.4,MSP,11,44.9323,-93.0559,5,42.24,Calm,Calm,NW,115.68,57.84,5.115,0.635555555556,0.66,19,6.75,0.148888888889,-0.93,-2.41,10,4.76,NA,NA,NA,NA,NA,NA,NA,NA,NA,NA,NA,NA,NA,NA,NA,NA,NA,NA,NA,NA,NA,NA,NA,NA,NA,NA,NA,NA,NA,NA,NA,NA,NA,NA,NA,NA,NA,NA,NA
2020-11-21,1,27-137-7001,Virginia,Virginia,36.779,34.025,33.551,33.703,39.812,42.801,31.802,39,33,31,31,36,31,29,6.683,6.068,4.529,5.515,9.394,7.907,6.469,33,27,19,23,39,25,27,26.2,5.67,27.21,4.07,25,17,24,23,33,35.6,27,6.5,NE,11,47.4274,-92.4973,5,35.46,S,SW,NW,193.21,152.1,6.315,0.658888888889,0.7,23,5.8,0.105555555556,4.42,-1.04,10,7.14,NA,NA,NA,NA,NA,NA,NA,NA,NA,NA,NA,NA,NA,NA,NA,NA,NA,NA,NA,NA,NA,NA,NA,NA,NA,NA,NA,NA,NA,NA,NA,NA,NA,NA,NA,NA,NA,NA,NA
2020-11-21,1,27-137-7550,Duluth_WDSE,Duluth,26.814,27.562,25.951,26.968,26.131,27.46,24.707,25,24,23,24,24,25,22,4.353,4.359,3.696,4.512,2.995,6.204,4.154,26,18,15,19,12,18,17,23.72,6.18,28.28,4.8,26,20,21,25,24,25.9,18,4.3,Duluth,11,46.8434,-92.1866,5,34.75,SW,SW,NW,193.21,152.1,6.315,0.653333333333,0.66,23,5.75,0.0811111111111,1.11,-4,10,6.74,NA,NA,NA,NA,NA,NA,NA,NA,NA,NA,NA,NA,NA,NA,NA,NA,NA,NA,NA,NA,NA,NA,NA,NA,NA,NA,NA,NA,NA,NA,NA,NA,NA,NA,NA,NA,NA,NA,NA
2020-11-21,1,27-139-0505,Shakopee,South Twin Cities Metro,29.213,27.081,28.595,27.18,32.353,30.859,28.162,28,27,26,25,30,25,26,9.288,8.065,8.395,7.733,12.759,9.489,7.445,39,38,35,32,52,33,31,26.09,12.23,23.43,6.92,21,29,24,51,27,29.2,38,9.1,South_Metro,11,44.824871,-93.457042,5,42.91,Calm,Calm,NW,115.68,57.84,5.115,0.643333333333,0.68,25,5.8,0.0877777777778,0.73,-1.735,10,5.43,NA,NA,NA,NA,NA,NA,NA,NA,NA,NA,NA,NA,NA,NA,NA,NA,NA,NA,NA,NA,NA,NA,NA,NA,NA,NA,NA,NA,NA,NA,NA,NA,NA,NA,NA,NA,NA,NA,NA
2020-11-21,1,27-145-3052,St_Cloud,St. Cloud,30.651,28.313,32,28.287,33.172,31.483,28.457,29,28,30,26,31,26,26,6.817,6.936,6.224,6.401,7.536,6.986,5.806,29,28,26,27,31,29,24,24,10.52,24.21,5.13,22,21,22,44,28,30.2,28,6.7,Central,11,45.54415,-94.051625,5,40.08,S,S,NW,115.68,57.84,5.115,0.694444444444,0.73,25,5.45,0.0355555555556,1.75,-2.63,9.957,7.22,NA,NA,NA,NA,NA,NA,NA,NA,NA,NA,NA,NA,NA,NA,NA,NA,NA,NA,NA,NA,NA,NA,NA,NA,NA,NA,NA,NA,NA,NA,NA,NA,NA,NA,NA,NA,NA,NA,NA
2020-11-21,1,27-163-6016,Marine_St_Croix,North Twin Cities Metro,33.368,30.929,32.828,30.774,39.517,32.792,33.628,30,31,30,28,36,28,31,NA,NA,NA,NA,NA,NA,NA,NA,NA,NA,NA,NA,NA,NA,21.8,15.58,22.03,10.04,20,42,19,58,31,33.5,NA,NA,North_Metro,11,44.592622,-92.48438,5,42.39,Calm,Calm,NW,115.68,57.84,5.115,0.635555555556,0.67,19,6.45,0.0588888888889,-1.03,-2.21,10,4.46,NA,NA,NA,NA,NA,NA,NA,NA,NA,NA,NA,NA,NA,NA,NA,NA,NA,NA,NA,NA,NA,NA,NA,NA,NA,NA,NA,NA,NA,NA,NA,NA,NA,NA,NA,NA,NA,NA,NA
2020-11-21,1,27-171-3201,St_Michael,North Twin Cities Metro,32.185,30.223,32.868,29.629,36.341,31.863,31.223,29,30,30,27,33,28,29,5.394,6.226,4.531,5.564,2.722,7.925,3.463,33,22,19,23,11,26,14,24.7,12.46,25.79,7.13,23,30,22,52,30,32.4,22,5.3,North_Metro,11,45.54415,-94.051625,5,40.08,S,S,NW,115.68,57.84,5.115,0.694444444444,0.73,28,4.64,0.0355555555556,1.75,-2.63,9.957,7.22,NA,NA,NA,NA,NA,NA,NA,NA,NA,NA,NA,NA,NA,NA,NA,NA,NA,NA,NA,NA,NA,NA,NA,NA,NA,NA,NA,NA,NA,NA,NA,NA,NA,NA,NA,NA,NA,NA,NA
2020-11-21,1,38-017-1004,Fargo,Moorhead,30.378,28.117,23.179,28.792,37.62,34.181,27.768,31,28,21,26,34,26,25,15.331,13.18,11.977,17.809,20.048,13.638,11.254,54,58,50,63,68,53,47,21.8,7.77,19.16,8.31,18,35,19,32,28,30.2,58,15.4,NW,11,46.9111,-96.8147,5,43.89,S,S,NW,194.25,115.645,8.315,0.66,0.68,29.8,15.95,0.371111111111,9.39,4.42,10,9.07,NA,NA,NA,NA,NA,NA,NA,NA,NA,NA,NA,NA,NA,NA,NA,NA,NA,NA,NA,NA,NA,NA,NA,NA,NA,NA,NA,NA,NA,NA,NA,NA,NA,NA,NA,NA,NA,NA,NA
2020-11-21,1,55-063-0012,Winona,Winona,33.072,31.908,31.619,31.19,36.711,33.931,30.126,31,31,29,29,33,29,28,8.731,9.189,8.616,9.007,9.243,7.6,8.239,32,36,36,38,38,38,34,24.32,13.06,22.94,8.67,20,36,22,53,31,33.5,36,8.6,SE,11,43.8792,-91.2532,5,43,Calm,Calm,NW,115.68,57.84,5.115,0.605555555556,0.63,21,5.55,0.205555555556,-4.98,-2.5,10,2.96,NA,NA,NA,NA,NA,NA,NA,NA,NA,NA,NA,NA,NA,NA,NA,NA,NA,NA,NA,NA,NA,NA,NA,NA,NA,NA,NA,NA,NA,NA,NA,NA,NA,NA,NA,NA,NA,NA,NA
2020-11-22,2,27-003-1001,Cedar_Creek,North Twin Cities Metro,26.364,26.175,28.104,26.19,25.461,25.894,26.36,23,24,26,24,23,24,24,NA,NA,NA,NA,NA,NA,NA,NA,NA,NA,NA,NA,NA,NA,NA,NA,NA,NA,NA,NA,NA,NA,24,25.9,green,NA,North_Metro,11,45.5628,-93.2644,6,42.08,W,W,S,517.61,356.46,10.62,0.74122,0.77,26.25,4.8,0.8,0.92,-0.72,8.972,9.42,272.5,344.1,2.4,2.4,409.9,10,0,"43.526, -92.484",NA,NA,NA,NA,NA,NA,NA,NA,NA,NA,NA,NA,NA,NA,NA,NA,NA,NA,NA,NA,NA,NA,NA,0,NA,-Inf,NA,-Inf,NA,NA,NA
2020-11-22,2,27-003-1002,Anoka,North Twin Cities Metro,28.723,28.111,28.166,27.637,27.231,32.47,28.534,30,26,26,25,25,26,26,6.052,6.262,6.288,5.943,3.804,7.964,4.688,33,25,26,25,16,26,19,NA,NA,NA,NA,NA,NA,NA,NA,26,28.1,green,NA,North_Metro,11,45.142563,-93.212739,6,42.21,W,W,Calm,517.61,356.46,10.62,0.737176,0.77,25.95,5.5,0.74,0.82,-3.29,9.462,8.86,273.5,349.1,2.5,2.6,356.7,10,0,"43.142, -92.373",NA,NA,NA,NA,NA,NA,NA,NA,NA,NA,NA,NA,NA,NA,NA,NA,NA,NA,NA,NA,NA,NA,NA,23,24,25.2,12.7,23,52,NA,NA
2020-11-22,2,27-005-2013,Detroit_Lakes,Detroit Lakes,27.606,29.296,28.26,29.612,23.681,27.184,29.464,25,25,26,27,21,27,27,9.372,10.287,9.446,9.521,4.674,12.933,10.452,53,39,39,40,19,43,43,NA,NA,NA,NA,NA,NA,NA,NA,25,27,green,NA,NW,11,46.8285,-95.8857,6,39.16,NW,NW,S,0,18.775,7.545,0.7305,0.76,25,10.6,0.62,-1.65,1.76,7.766,8.99,272.5,317.3,2.9,2.9,417.4,10,0,"44.581, -98.09",NA,NA,NA,NA,NA,NA,NA,NA,NA,NA,NA,NA,NA,NA,NA,NA,NA,NA,NA,NA,NA,NA,NA,0,24,-Inf,4.9,-Inf,20,NA,NA
2020-11-22,2,27-007-2304,Red_Lake,Red Lake,26.6,28.612,28.11,27.088,22.717,26.471,29.41,24,24,26,25,20,26,27,7.353,11.628,10.216,6.32,1.166,7.432,11.147,31,30,43,26,5,48,46,NA,NA,NA,NA,NA,NA,NA,NA,24,25.9,green,NA,NW,11,47.5076,-94.9277,6,38.86,W,W,S,684.38,438.38,7.47,0.6844,0.71,24.1,10.85,0.68,-3.75,2.12,9.195,9.51,272,439.7,2.3,2.4,316.1,10,0,"45.923, -96.216",381.1,2.4,2.4,534.3,500,0,"50.448, -101.874",NA,NA,NA,NA,NA,NA,NA,NA,NA,NA,NA,NA,NA,NA,NA,NA,NA,24,NA,8,NA,33,NA,NA
2020-11-22,2,27-017-7417,Fond_Du_Lac,Fond du Lac,28.998,28.674,27.189,30.435,29.69,29.002,29.408,27,26,25,28,27,26,27,7.825,7.152,10.582,5.643,7.314,8.437,11.409,35,33,44,23,30,30,48,NA,NA,NA,NA,NA,NA,NA,NA,26,28.1,green,NA,Fond_du_Lac_r,11,46.698575,-92.50345,6,37.68,W,W,SW,684.38,438.38,7.47,0.732112,0.76,23,5.6,0.82,2.87,-1.52,8.396,9.33,272.5,355.5,2.7,2.8,336,10,0,"44.982, -92.458",NA,NA,NA,NA,NA,NA,NA,NA,NA,NA,NA,NA,NA,NA,NA,NA,NA,NA,NA,NA,NA,NA,NA,0,0,-Inf,NA,-Inf,NA,NA,NA
2020-11-22,2,27-021-3410,Leech_Lake,Leech Lake,27.881,29.078,30.212,27.205,26.442,26.471,26.711,24,25,28,25,24,27,24,4.802,7.82,5.392,4.697,-0.345,6.447,4.216,27,20,22,19,0,33,18,NA,NA,NA,NA,NA,NA,NA,NA,25,27,20,4.8,NW,11,47.5076,-94.9277,6,38.86,W,W,S,684.38,438.38,7.47,0.6844,0.71,29.75,5.3,0.68,-3.75,2.12,9.195,9.51,273.5,395,2.5,2.5,310.9,10,0,"45.071, -95.696",NA,NA,NA,NA,NA,NA,NA,NA,NA,NA,NA,NA,NA,NA,NA,NA,NA,NA,NA,NA,NA,NA,NA,NA,24,NA,6.9,NA,29,NA,NA
2020-11-22,2,27-031-7810,Grand_Portage,Grand Portage,32.119,31.091,29.293,31.022,35.936,33.252,32.184,31,30,27,29,32,29,30,5.539,5.208,4.32,4.761,2.835,10.572,1.78,44,23,18,20,12,22,7,NA,NA,NA,NA,NA,NA,NA,NA,30,32.4,green,NA,NE,11,47.7472,-90.3433,6,40.84,W,W,SW,684.38,438.38,7.47,0.62172,0.66,21.5,11.6,0.7,0.67,-0.16,8.775,11.01,269.6,298.4,2.4,2.5,326.9,10,0,"44.799, -92.22",NA,NA,NA,NA,NA,NA,NA,NA,NA,NA,NA,NA,NA,NA,NA,NA,NA,NA,NA,NA,NA,NA,NA,NA,24,NA,6.7,NA,28,NA,NA
2020-11-22,2,27-035-3204,Brainerd,Brainerd,32.259,29.683,31.353,29.49,37.671,33.094,30.58,31,30,29,27,34,27,28,5.392,5.926,4.054,4.719,4.685,7.577,4.51,31,22,17,20,19,25,19,NA,NA,NA,NA,NA,NA,NA,NA,30,32.4,green,NA,Central,11,46.402062,-94.12736,6,38.56,W,W,S,517.61,356.46,10.62,0.68885,0.72,28,4.9,0.75,-2.15,-1.9,8.104,9.47,273.2,349.1,2.4,2.4,301.8,10,0,"44.33, -94.343",NA,NA,NA,NA,NA,NA,NA,NA,NA,NA,NA,NA,NA,NA,NA,NA,NA,NA,NA,NA,NA,NA,NA,0,24,-Inf,6.1,-Inf,25,NA,NA
2020-11-22,2,27-037-0470,Apple_Valley,South Twin Cities Metro,NA,NA,NA,NA,NA,NA,NA,NA,NA,NA,NA,NA,NA,NA,5.847,4.614,4.729,5.211,7.63,7.05,4.694,29,24,20,22,32,19,19,NA,NA,NA,NA,NA,NA,NA,NA,NA,NA,green,NA,South_Metro,11,44.8249,-93.457,6,42.9,W,W,Calm,517.61,356.46,10.62,0.755892,0.79,22.5,6.9,0.68,-0.01,-1.75,10,9.4,274.5,381.1,2.5,2.5,318.7,10,0,"43.023, -92.647",NA,NA,NA,NA,NA,NA,NA,NA,NA,NA,NA,NA,NA,NA,NA,NA,NA,NA,NA,NA,NA,NA,NA,NA,24,NA,11.1,NA,46,NA,NA
2020-11-22,2,27-037-0480,Lakeville,South Twin Cities Metro,NA,NA,NA,NA,NA,NA,NA,NA,NA,NA,NA,NA,NA,NA,7.541,6.313,6.323,6.108,9.303,9.658,6.69,40,31,26,25,39,26,27,NA,NA,NA,NA,NA,NA,NA,NA,NA,NA,green,NA,South_Metro,11,44.6252,-93.2273,6,46.79,W,W,Calm,517.61,356.46,10.62,0.67738,0.71,16.5,8.2,0.7,2.49,3.99,10,9.88,274.5,381.1,2.5,2.5,318,10,0,"42.994, -92.695",NA,NA,NA,NA,NA,NA,NA,NA,NA,NA,NA,NA,NA,NA,NA,NA,NA,NA,NA,NA,NA,NA,NA,NA,24,NA,11.7,NA,49,NA,NA
2020-11-22,2,27-049-5302,Stanton,South Twin Cities Metro,31.549,27.707,27.82,27.907,42.863,31.446,33.839,29,29,25,25,39,25,31,NA,NA,NA,NA,NA,NA,NA,NA,NA,NA,NA,NA,NA,NA,NA,NA,NA,NA,NA,NA,NA,NA,29,31.3,green,NA,South_Metro,11,44.6252,-93.2273,6,46.79,W,W,Calm,517.61,356.46,10.62,0.67738,0.71,29,6.7,0.7,2.49,3.99,10,9.88,274.7,381.1,2.6,2.6,319.8,10,0,"43.023, -92.543",NA,NA,NA,NA,NA,NA,NA,NA,NA,NA,NA,NA,NA,NA,NA,NA,NA,NA,NA,NA,NA,NA,NA,0,NA,-Inf,NA,-Inf,NA,NA,NA
2020-11-22,2,27-053-0962,MSP,Minneapolis-St. Paul,18.223,16.937,14.281,16.883,19.869,23.148,18.381,21,17,13,15,18,15,17,11.72,11.846,12.01,9.611,13.098,12.037,10.357,50,49,50,40,53,49,43,NA,NA,NA,NA,NA,NA,NA,NA,17,18.4,green,NA,MSP,11,44.8852,-93.2313,6,43.15,W,W,Calm,517.61,356.46,10.62,0.76884,0.78,16.5,6.05,0.72,0.4,-1.225,9.709,8.66,274.1,378.9,2.5,2.5,322,10,0,"43.021, -92.464",NA,NA,NA,NA,NA,NA,NA,NA,NA,NA,NA,NA,NA,NA,NA,NA,NA,NA,NA,NA,NA,NA,NA,0,24,-Inf,10.8,-Inf,45,NA,NA
2020-11-22,2,27-053-0963,HC_Anderson,Minneapolis-St. Paul,NA,NA,NA,NA,NA,NA,NA,NA,NA,NA,NA,NA,NA,NA,8.57,8.258,8.727,7.152,9.669,9.043,7.378,38,35,36,30,40,34,30,NA,NA,NA,NA,NA,NA,NA,NA,NA,NA,green,NA,MSP,11,44.8852,-93.2313,6,43.15,W,W,Calm,517.61,356.46,10.62,0.76884,0.78,16.5,6.05,0.72,0.4,-1.225,9.709,8.66,274.1,381.1,2.5,2.5,320,10,0,"43.014, -92.47",NA,NA,NA,NA,NA,NA,NA,NA,NA,NA,NA,NA,NA,NA,NA,NA,NA,NA,NA,NA,NA,NA,NA,NA,24,NA,11.4,NA,48,NA,NA
2020-11-22,2,27-053-2006,St_Louis_Park,Minneapolis-St. Paul,NA,NA,NA,NA,NA,NA,NA,NA,NA,NA,NA,NA,NA,NA,7.583,6.645,7.547,6.435,8.011,9.278,7.251,38,31,31,27,33,27,30,NA,NA,NA,NA,NA,NA,NA,NA,NA,NA,green,NA,MSP,11,45.061746,-93.353996,6,43.41,W,W,Calm,517.61,356.46,10.62,0.73872,0.75,20.1,6.15,0.71,1.38,-0.11,9.618,8.84,274.1,381.1,2.5,2.5,316.9,10,0,"43.005, -92.569",NA,NA,NA,NA,NA,NA,NA,NA,NA,NA,NA,NA,NA,NA,NA,NA,NA,NA,NA,NA,NA,NA,NA,NA,NA,NA,NA,NA,NA,NA,NA
2020-11-22,2,27-075-0005,Ely,Ely,33.844,31.651,30.058,31.213,40.589,35.711,35.328,32,31,28,29,37,29,32,5.852,4.147,4.744,3.436,10.524,6.411,3.98,27,24,20,14,44,17,16,NA,NA,NA,NA,NA,NA,NA,NA,31,33.5,green,NA,NE,11,47.824724,-91.832975,6,37.02,W,W,SW,684.38,438.38,7.47,0.722978,0.75,29,3.25,0.83,-0.05,1.42,7.477,8.64,272.1,509.1,2.4,2.4,294.8,10,0,"45.866, -92.845",NA,NA,NA,NA,NA,NA,NA,NA,NA,NA,NA,NA,NA,NA,NA,NA,NA,NA,NA,NA,NA,NA,NA,0,24,-Inf,-1.5,-Inf,-6,NA,NA
2020-11-22,2,27-083-4210,Marshall,Marshall,30.98,29.478,31.865,29.244,31.815,32.495,30.176,30,28,29,27,29,27,28,6.849,5.704,4.978,7.724,6.236,9.605,4.572,40,28,20,32,26,24,19,NA,NA,NA,NA,NA,NA,NA,NA,28,30.2,green,NA,SW,11,44.450439,-95.821504,6,44.5,W,W,S,517.61,356.46,10.62,0.661045,0.71,18.25,6.85,0.31,-3.84,-0.1,10,10.69,274.6,319.2,2.7,2.7,416,10,0,"43.131, -97.276",NA,NA,NA,NA,NA,NA,NA,NA,NA,NA,NA,NA,NA,NA,NA,NA,NA,NA,NA,NA,NA,NA,NA,0,24,-Inf,5.2,-Inf,22,NA,NA
2020-11-22,2,27-095-3051,Mille_Lacs,Mille Lacs,28.411,26.979,27.322,26.395,34.495,26.865,24.68,24,26,25,24,31,24,22,6.369,6.684,6.676,5.665,5.071,7.747,5.035,32,26,27,23,21,27,21,NA,NA,NA,NA,NA,NA,NA,NA,26,28.1,green,NA,Central,11,46.548965,-93.675734,6,37.28,W,W,S,517.61,356.46,10.62,0.83304,0.86,25.7,5.75,0.8,0.25,-2.22,8.19,9.83,273.7,349.1,2.5,2.5,318.7,10,0,"44.259, -93.787",NA,NA,NA,NA,NA,NA,NA,NA,NA,NA,NA,NA,NA,NA,NA,NA,NA,NA,NA,NA,NA,NA,NA,0,NA,-Inf,NA,-Inf,NA,NA,NA
2020-11-22,2,27-109-5008,Rochester,Rochester,29.452,27.229,29.19,27.619,35.231,27.992,28.822,25,27,27,25,32,25,26,9.62,8.437,9.484,7.614,13.592,8.97,8.38,37,40,39,32,54,35,35,NA,NA,NA,NA,NA,NA,NA,NA,27,29.2,green,NA,SE,11,43.904,-92.4921,6,40.57,SW,SW,Calm,517.61,356.46,10.62,0.826427,0.86,23,8.7,0.73,-0.56,-6.91,9.953,9.59,274,295.9,3,3,336,10,0,"43.103, -91.815",NA,NA,NA,NA,NA,NA,NA,NA,NA,NA,NA,NA,NA,NA,NA,NA,NA,NA,NA,NA,NA,NA,NA,0,24,-Inf,11.2,-Inf,47,NA,NA
2020-11-22,2,27-123-0868,Ramsey_Health,Minneapolis-St. Paul,NA,NA,NA,NA,NA,NA,NA,NA,NA,NA,NA,NA,NA,NA,7.414,7.391,6.878,6.829,6.265,9.707,6.706,40,31,28,28,26,30,28,NA,NA,NA,NA,NA,NA,NA,NA,NA,NA,green,NA,MSP,11,44.9323,-93.0559,6,43.29,W,W,Calm,517.61,356.46,10.62,0.76932,0.78,29,5.35,0.76,1.05,-1.36,9.607,8.54,273.6,360.1,2.7,2.7,346.5,10,0,"43.048, -92.201",NA,NA,NA,NA,NA,NA,NA,NA,NA,NA,NA,NA,NA,NA,NA,NA,NA,NA,NA,NA,NA,NA,NA,NA,NA,NA,NA,NA,NA,NA,NA
2020-11-22,2,27-123-0871,Harding,Minneapolis-St. Paul,NA,NA,NA,NA,NA,NA,NA,NA,NA,NA,NA,NA,NA,NA,4.931,4.693,4.67,4.779,3.807,6.705,4.145,28,20,19,20,16,19,17,NA,NA,NA,NA,NA,NA,NA,NA,NA,NA,green,NA,MSP,11,44.9323,-93.0559,6,43.29,W,W,Calm,517.61,356.46,10.62,0.76932,0.78,26.25,4.7,0.76,1.05,-1.36,9.607,8.54,273.5,349.1,2.7,2.7,352,10,0,"43.086, -92.117",NA,NA,NA,NA,NA,NA,NA,NA,NA,NA,NA,NA,NA,NA,NA,NA,NA,NA,NA,NA,NA,NA,NA,NA,24,NA,11.7,NA,49,NA,NA
2020-11-22,2,27-137-7001,Virginia,Virginia,36.06,33.523,33.813,36.03,37.49,39.441,33.733,36,33,31,33,34,31,31,7.803,7.85,6.651,5.865,10.13,8.521,6.855,35,33,27,24,42,33,28,NA,NA,NA,NA,NA,NA,NA,NA,33,35.6,green,NA,NE,11,47.4274,-92.4973,6,38.75,W,W,SW,684.38,438.38,7.47,0.72471,0.75,23,3.9,0.85,3.29,2.25,7.604,8.65,272.3,445.1,2.5,2.5,273.9,10,0,"45.522, -93.02",NA,NA,NA,NA,NA,NA,NA,NA,NA,NA,NA,NA,NA,NA,NA,NA,NA,NA,NA,NA,NA,NA,NA,NA,24,NA,8.2,NA,34,NA,NA
2020-11-22,2,27-137-7550,Duluth_WDSE,Duluth,25.955,25.799,25.147,25.605,26.196,27.031,24.45,25,23,23,23,24,23,22,6.777,8.718,6.456,6.021,5.414,7.274,4.373,30,28,27,25,23,36,18,NA,NA,NA,NA,NA,NA,NA,NA,23,24.8,green,NA,Duluth,11,46.8434,-92.1866,6,37.84,W,W,SW,684.38,438.38,7.47,0.71038,0.74,23,7.2,0.8,3.09,-0.91,8.833,8.94,272.4,387.6,2.6,2.6,348,10,0,"45.089, -92.147",NA,NA,NA,NA,NA,NA,NA,NA,NA,NA,NA,NA,NA,NA,NA,NA,NA,NA,NA,NA,NA,NA,NA,23,24,26.4,10.6,24,44,NA,NA
2020-11-22,2,27-139-0505,Shakopee,South Twin Cities Metro,26.413,25.949,28.818,25.921,26.19,25.188,27.274,23,24,26,23,24,23,25,9.582,8.853,7.583,9.014,12.779,9.68,6.851,40,40,31,38,52,37,28,NA,NA,NA,NA,NA,NA,NA,NA,24,25.9,green,NA,South_Metro,11,44.824871,-93.457042,6,42.9,W,W,Calm,517.61,356.46,10.62,0.755892,0.79,22,10.45,0.68,-0.01,-1.745,10,9.4,274.3,381.1,2.5,2.5,306.3,10,0,"42.867, -92.675",NA,NA,NA,NA,NA,NA,NA,NA,NA,NA,NA,NA,NA,NA,NA,NA,NA,NA,NA,NA,NA,NA,NA,23,24,24.2,9.2,22,38,NA,NA
2020-11-22,2,27-145-3052,St_Cloud,St. Cloud,27.664,26.763,29.614,26.447,27.748,27.749,26.361,25,25,27,24,25,24,24,7.368,8.093,7.329,7.32,7.438,6.66,6.719,27,30,30,30,31,33,28,NA,NA,NA,NA,NA,NA,NA,NA,25,27,green,NA,Central,11,45.54415,-94.051625,6,38.73,W,W,S,517.61,356.46,10.62,0.805498,0.84,25.5,5.95,0.71,-1.35,-3.98,8.295,10.17,273.9,349.1,2.5,2.5,329,10,0,"43.704, -94.09",NA,NA,NA,NA,NA,NA,NA,NA,NA,NA,NA,NA,NA,NA,NA,NA,NA,NA,NA,NA,NA,NA,NA,0,24,-Inf,9.2,-Inf,38,NA,NA
2020-11-22,2,27-163-6016,Marine_St_Croix,North Twin Cities Metro,30.053,28.01,27.941,27.897,39.407,27.011,32.815,25,28,25,25,36,26,30,NA,NA,NA,NA,NA,NA,NA,NA,NA,NA,NA,NA,NA,NA,NA,NA,NA,NA,NA,NA,NA,NA,28,30.2,green,NA,North_Metro,11,44.592622,-92.48438,6,45.72,SW,SW,Calm,517.61,356.46,10.62,0.70785,0.74,23,7.6,0.75,3.33,1.12,9.742,9.13,272.4,321.3,2.7,2.7,338.2,10,0,"43.67, -91.818",NA,NA,NA,NA,NA,NA,NA,NA,NA,NA,NA,NA,NA,NA,NA,NA,NA,NA,NA,NA,NA,NA,NA,0,NA,-Inf,NA,-Inf,NA,NA,NA
2020-11-22,2,27-171-3201,St_Michael,North Twin Cities Metro,27.758,27.613,27.96,27.907,28.468,26.844,26.92,24,25,25,25,26,25,24,5.605,6.033,4.053,5.546,4.432,7.963,4.303,33,23,17,23,18,25,18,NA,NA,NA,NA,NA,NA,NA,NA,25,27,green,NA,North_Metro,11,45.54415,-94.051625,6,38.73,W,W,S,517.61,356.46,10.62,0.805154,0.84,22.5,6.5,0.71,-1.35,-3.98,8.295,10.17,272.7,349.1,2.4,2.4,348.7,10,0,"43.218, -93.09",NA,NA,NA,NA,NA,NA,NA,NA,NA,NA,NA,NA,NA,NA,NA,NA,NA,NA,NA,NA,NA,NA,NA,0,24,-Inf,10.8,-Inf,45,NA,NA
2020-11-22,2,38-017-1004,Fargo,Moorhead,27.728,26.712,27.08,27.739,27.992,29.115,25.742,27,25,25,25,25,24,23,12.902,11.156,10.255,13.323,17.123,12.65,5.326,52,53,43,54,62,46,22,NA,NA,NA,NA,NA,NA,NA,NA,25,27,green,NA,NW,11,46.9111,-96.8147,6,38.6,NW,NW,S,0,18.775,7.545,0.7175,0.76,24.6,6.95,0.42,-5.29,-0.87,9.827,7.83,273.4,336.3,2.1,2.1,584.3,10,0,"47.976, -101.226",NA,NA,NA,NA,NA,NA,NA,NA,NA,NA,NA,NA,NA,NA,NA,NA,NA,NA,NA,NA,NA,NA,NA,NA,NA,24,9.8,22,41,NA,NA
2020-11-22,2,55-063-0012,Winona,Winona,31.141,30.475,30.309,30.254,33.82,30.847,29.756,28,29,28,28,31,28,27,8.379,8.193,9.546,6.766,9.816,7.574,9.629,31,35,40,28,41,34,40,NA,NA,NA,NA,NA,NA,NA,NA,29,31.3,green,NA,SE,11,43.8792,-91.2532,6,43.5,SW,SW,Calm,517.61,356.46,10.62,0.690422,0.72,21.5,6.5,0.78,0.5,-2,9.18,6.79,274.5,509.1,2.7,2.7,317,10,0,"43.483, -90.547",NA,NA,NA,NA,NA,NA,NA,NA,NA,NA,NA,NA,NA,NA,NA,NA,NA,NA,NA,NA,NA,NA,NA,NA,NA,NA,12.4,NA,52,NA,NA
2020-11-23,3,27-003-1001,Cedar_Creek,North Twin Cities Metro,23.883,23.946,24.303,24.053,19.131,27.979,23.688,25,21,22,22,18,21,21,NA,NA,NA,NA,NA,NA,NA,NA,NA,NA,NA,NA,NA,NA,NA,NA,NA,NA,NA,NA,NA,NA,21,22.7,yellow,NA,North_Metro,11,45.5628,-93.2644,0,37.32,SE,SE,W,301.32,390.455,7.31,0.658414,0.7,17.5,10.35,0.61,-4.76,-5.48,10,8.85,268.4,501.8,2.2,2.2,306.1,10,1,"48.656, -96.581",NA,NA,NA,NA,NA,NA,NA,NA,NA,NA,NA,NA,NA,NA,NA,NA,NA,NA,NA,NA,NA,NA,NA,0,NA,-Inf,NA,-Inf,NA,NA,NA
2020-11-23,3,27-003-1002,Anoka,North Twin Cities Metro,27.871,28.433,27.229,28.236,22.984,32.473,28.886,30,25,25,26,20,26,26,8.795,8.961,7.857,9.099,7.338,10.718,6.587,45,36,33,38,30,37,27,NA,NA,NA,NA,NA,NA,NA,NA,25,27,yellow,NA,North_Metro,11,45.142563,-93.212739,0,37.82,SE,SE,W,301.32,390.455,7.31,0.645718,0.69,17.5,10.7,0.57,-4.39,-7.68,10,8.23,268.4,478.9,2.2,2.2,303.2,10,1,"48.349, -96.585",NA,NA,NA,NA,NA,NA,NA,NA,NA,NA,NA,NA,NA,NA,NA,NA,NA,NA,NA,NA,NA,NA,NA,24,23,26.1,5.3,24,22,NA,NA
2020-11-23,3,27-005-2013,Detroit_Lakes,Detroit Lakes,24.929,26.576,26.502,25.591,20.053,25.923,28.475,23,22,24,23,19,24,26,5.162,6.858,4.05,6.827,1.25,6.823,4.275,28,21,17,28,5,28,18,NA,NA,NA,NA,NA,NA,NA,NA,22,23.8,green,NA,NW,11,46.8285,-95.8857,0,36.21,SE,SE,NW,602.1,323.71,9.81,0.67505,0.7,19.75,7.7,0.69,-2.95,-1.19,10,14.57,269.1,521.2,2.3,2.3,240,10,1,"48.687, -97.372",NA,NA,NA,NA,NA,NA,NA,NA,NA,NA,NA,NA,NA,NA,NA,NA,NA,NA,NA,NA,NA,NA,NA,0,24,-Inf,4.2,-Inf,18,NA,NA
2020-11-23,3,27-007-2304,Red_Lake,Red Lake,27.847,29.354,32.664,28.763,21.381,27.074,30.56,25,25,30,26,19,27,28,2.908,4.351,3.264,4.55,-3.102,5.477,4.469,23,12,13,19,0,18,18,NA,NA,NA,NA,NA,NA,NA,NA,25,27,green,NA,NW,11,47.5076,-94.9277,0,36.84,SE,SE,W,381.49,424.665,3.495,0.64985,0.68,20.5,3.65,0.61,-2.02,0.1,10,11.07,268.3,548.1,2.3,2.3,240,10,1,"49.577, -97.052",NA,NA,NA,NA,NA,NA,NA,NA,NA,NA,NA,NA,NA,NA,NA,NA,NA,NA,NA,NA,NA,NA,NA,NA,24,NA,7.8,NA,32,NA,NA
2020-11-23,3,27-017-7417,Fond_Du_Lac,Fond du Lac,28.191,29.249,26.811,31.111,24.21,29.571,28.897,27,26,24,29,22,27,26,7.796,9.261,4.406,9.182,8.107,8.024,5.321,33,32,18,38,34,38,22,NA,NA,NA,NA,NA,NA,NA,NA,26,28.1,green,NA,Fond_du_Lac_r,11,46.698575,-92.50345,0,34.08,SE,SE,W,381.49,424.665,3.495,0.675266,0.73,16,11.1,0.51,-3.6,-5.12,10,7.04,270.2,501.8,2.3,2.3,357.6,10,1,"48.723, -95.047",NA,NA,NA,NA,NA,NA,NA,NA,NA,NA,NA,NA,NA,NA,NA,NA,NA,NA,NA,NA,NA,NA,NA,0,0,-Inf,NA,-Inf,NA,NA,NA
2020-11-23,3,27-021-3410,Leech_Lake,Leech Lake,26.292,28.58,31.065,27.954,19.7,24.161,30.073,22,24,29,25,18,26,28,3.068,5.315,2.579,4.486,-1.578,4.536,3.833,19,13,10,18,0,22,16,NA,NA,NA,NA,NA,NA,NA,NA,24,25.9,13,3.1,NW,11,47.5076,-94.9277,0,36.84,SE,SE,W,381.49,424.665,3.495,0.64985,0.68,17.95,3.2,0.61,-2.02,0.1,10,11.07,268.4,513.5,2.2,2.3,240,10,1,"49.438, -97.018",NA,NA,NA,NA,NA,NA,NA,NA,NA,NA,NA,NA,NA,NA,NA,NA,NA,NA,NA,NA,NA,NA,NA,NA,24,NA,4.1,NA,17,NA,NA
2020-11-23,3,27-031-7810,Grand_Portage,Grand Portage,30.785,30.785,30.97,30.268,28.65,33.252,29.181,31,28,28,28,26,28,27,6.515,5.436,3.452,5.215,9.781,8.69,5.67,36,27,14,22,40,23,23,NA,NA,NA,NA,NA,NA,NA,NA,28,30.2,green,NA,NE,11,47.7472,-90.3433,0,38.63,E,E,W,381.49,424.665,3.495,0.578338,0.64,13,27.4,0.43,-2.21,-2.37,10,8.41,264.7,733.5,1.7,1.7,375.4,10,1,"51.832, -93.355",NA,NA,NA,NA,NA,NA,NA,NA,NA,NA,NA,NA,NA,NA,NA,NA,NA,NA,NA,NA,NA,NA,NA,NA,24,NA,3.5,NA,15,NA,NA
2020-11-23,3,27-035-3204,Brainerd,Brainerd,30.269,28.592,30.241,28.907,31.77,31.833,31.074,29,28,28,26,29,26,29,4.352,4.078,3.721,3.804,3.584,6.573,4.432,27,18,15,16,15,17,18,NA,NA,NA,NA,NA,NA,NA,NA,28,30.2,green,NA,Central,11,46.402062,-94.12736,0,38.07,SE,SE,W,301.32,390.455,7.31,0.637956,0.68,16,5.75,0.62,-0.49,-2.39,10,10.34,269.1,481.7,2.2,2.2,321.1,10,1,"48.416, -96.474",NA,NA,NA,NA,NA,NA,NA,NA,NA,NA,NA,NA,NA,NA,NA,NA,NA,NA,NA,NA,NA,NA,NA,0,24,-Inf,3.4,-Inf,14,NA,NA
2020-11-23,3,27-037-0470,Apple_Valley,South Twin Cities Metro,NA,NA,NA,NA,NA,NA,NA,NA,NA,NA,NA,NA,NA,NA,5.86,5.491,4.513,5.65,6.422,7.227,4.337,30,24,19,23,27,23,18,NA,NA,NA,NA,NA,NA,NA,NA,NA,NA,yellow,NA,South_Metro,11,44.8249,-93.457,0,39.78,SE,SE,W,301.32,390.455,7.31,0.65994,0.7,17.75,4.7,0.6,-3.12,-4.87,10,8.39,272.2,700.6,3,3,288,10,1,"47.147, -96.56",NA,NA,NA,NA,NA,NA,NA,NA,NA,NA,NA,NA,NA,NA,NA,NA,NA,NA,NA,NA,NA,NA,NA,NA,24,NA,6.1,NA,25,NA,NA
2020-11-23,3,27-037-0480,Lakeville,South Twin Cities Metro,NA,NA,NA,NA,NA,NA,NA,NA,NA,NA,NA,NA,NA,NA,5.86,5.236,4.656,5.078,7.158,7.172,4.514,30,24,19,21,30,22,19,NA,NA,NA,NA,NA,NA,NA,NA,NA,NA,yellow,NA,South_Metro,11,44.6252,-93.2273,0,41.46,SE,SE,W,301.32,390.455,7.31,0.618452,0.66,17.55,4.15,0.58,-5.33,-1.34,10,8.59,272.4,733,3.1,3.1,282.9,10,1,"47.122, -96.627",NA,NA,NA,NA,NA,NA,NA,NA,NA,NA,NA,NA,NA,NA,NA,NA,NA,NA,NA,NA,NA,NA,NA,NA,24,NA,9.1,NA,38,NA,NA
2020-11-23,3,27-049-5302,Stanton,South Twin Cities Metro,29.591,26.932,27.335,27.253,37.478,28.955,28.163,26,27,25,25,34,24,26,NA,NA,NA,NA,NA,NA,NA,NA,NA,NA,NA,NA,NA,NA,NA,NA,NA,NA,NA,NA,NA,NA,27,29.2,yellow,NA,South_Metro,11,44.6252,-93.2273,0,41.46,SE,SE,W,301.32,390.455,7.31,0.618452,0.66,19,6.1,0.58,-5.33,-1.34,10,8.59,273.2,780.3,3.3,3.3,294.8,10,1,"46.538, -96.5",NA,NA,NA,NA,NA,NA,NA,NA,NA,NA,NA,NA,NA,NA,NA,NA,NA,NA,NA,NA,NA,NA,NA,0,NA,-Inf,NA,-Inf,NA,NA,NA
2020-11-23,3,27-053-0962,MSP,Minneapolis-St. Paul,20.834,20.435,16.772,19.566,19.737,27.66,20.481,25,19,15,18,18,19,19,9.396,7.17,6.527,8.195,13.911,11.176,9.148,46,39,27,34,55,30,38,NA,NA,NA,NA,NA,NA,NA,NA,19,20.5,yellow,NA,MSP,11,44.8852,-93.2313,0,38.89,SE,SE,W,301.32,390.455,7.31,0.6768,0.69,15.05,9.6,0.55,-4.26,-5.485,10,7.88,270.1,546.4,2.4,2.4,298,10,1,"47.831, -96.499",NA,NA,NA,NA,NA,NA,NA,NA,NA,NA,NA,NA,NA,NA,NA,NA,NA,NA,NA,NA,NA,NA,NA,0,24,-Inf,7.4,-Inf,31,NA,NA
2020-11-23,3,27-053-0963,HC_Anderson,Minneapolis-St. Paul,NA,NA,NA,NA,NA,NA,NA,NA,NA,NA,NA,NA,NA,NA,9.722,9.103,8.499,9.552,11.118,10.339,7.464,43,40,35,40,46,38,31,NA,NA,NA,NA,NA,NA,NA,NA,NA,NA,yellow,NA,MSP,11,44.8852,-93.2313,0,38.89,SE,SE,W,301.32,390.455,7.31,0.6768,0.69,15,9.6,0.55,-4.26,-5.485,10,7.88,270.2,548,2.4,2.4,297.1,10,1,"47.821, -96.51",NA,NA,NA,NA,NA,NA,NA,NA,NA,NA,NA,NA,NA,NA,NA,NA,NA,NA,NA,NA,NA,NA,NA,NA,24,NA,5.1,NA,21,NA,NA
2020-11-23,3,27-053-2006,St_Louis_Park,Minneapolis-St. Paul,NA,NA,NA,NA,NA,NA,NA,NA,NA,NA,NA,NA,NA,NA,6.049,5.8,4.979,5.362,7.502,6.603,5.619,27,25,20,22,31,24,23,NA,NA,NA,NA,NA,NA,NA,NA,NA,NA,yellow,NA,MSP,11,45.061746,-93.353996,0,38.49,SE,SE,W,301.32,390.455,7.31,0.65716,0.67,16.2,5.95,0.58,-4.92,-5.03,10,7.99,270.3,544.7,2.4,2.4,291.1,10,1,"47.831, -96.569",NA,NA,NA,NA,NA,NA,NA,NA,NA,NA,NA,NA,NA,NA,NA,NA,NA,NA,NA,NA,NA,NA,NA,NA,NA,NA,NA,NA,NA,NA,NA
2020-11-23,3,27-075-0005,Ely,Ely,36.066,32.024,35.518,31.297,41.099,40.395,33.566,37,33,32,29,38,30,31,6.526,4.696,4.617,3.857,10.895,8.563,4.423,35,27,19,16,45,19,18,NA,NA,NA,NA,NA,NA,NA,NA,33,35.6,green,NA,NE,11,47.824724,-91.832975,0,35.55,SE,SE,W,381.49,424.665,3.495,0.666132,0.72,29,9.5,0.52,-1.47,-0.05,10,6.68,267.5,494.2,2.1,2.1,368.8,10,1,"50.021, -94.183",NA,NA,NA,NA,NA,NA,NA,NA,NA,NA,NA,NA,NA,NA,NA,NA,NA,NA,NA,NA,NA,NA,NA,0,24,-Inf,-0.2,-Inf,-1,NA,NA
2020-11-23,3,27-083-4210,Marshall,Marshall,30.001,28.515,30.318,28.432,32.476,30.262,30.396,28,28,28,26,30,26,28,4.826,4.492,3.489,6.501,2.617,7.034,3.688,29,20,14,27,11,18,15,NA,NA,NA,NA,NA,NA,NA,NA,28,30.2,green,NA,SW,11,44.450439,-95.821504,0,42.92,SE,SE,W,301.32,390.455,7.31,0.686035,0.71,22,3.05,0.73,-1.58,-1.68,10,12.58,272.1,742.1,2.9,2.9,388,10,1,"45.667, -98.065",NA,NA,NA,NA,NA,NA,NA,NA,NA,NA,NA,NA,NA,NA,NA,NA,NA,NA,NA,NA,NA,NA,NA,0,24,-Inf,5,-Inf,21,NA,NA
2020-11-23,3,27-095-3051,Mille_Lacs,Mille Lacs,27.691,26.889,30.232,25.812,26.511,29.01,27.022,27,25,28,23,24,24,25,5.187,4.598,4.979,4.157,4.981,7.217,4.52,30,21,20,17,20,19,19,NA,NA,NA,NA,NA,NA,NA,NA,25,27,green,NA,Central,11,46.548965,-93.675734,0,32.26,SE,SE,W,301.32,390.455,7.31,0.73628,0.78,17.5,9.8,0.6,-5.02,-7.24,10,10.07,269.5,485.6,2.2,2.2,341.4,10,1,"48.19, -96.149",NA,NA,NA,NA,NA,NA,NA,NA,NA,NA,NA,NA,NA,NA,NA,NA,NA,NA,NA,NA,NA,NA,NA,0,NA,-Inf,NA,-Inf,NA,NA,NA
2020-11-23,3,27-109-5008,Rochester,Rochester,28.643,26.902,28.307,27.644,31.301,29.062,28.461,27,26,26,25,29,24,26,8.319,6.787,6.973,6.643,12.112,9.08,6.456,38,35,29,27,51,28,27,NA,NA,NA,NA,NA,NA,NA,NA,26,28.1,yellow,NA,SE,11,43.904,-92.4921,0,37.64,SE,SE,SW,301.32,390.455,7.31,0.727638,0.77,14.2,5.8,0.62,-2.93,-9.84,10,8.6,272.8,613.3,3.4,3.4,366.8,10,1,"46.246, -96.101",NA,NA,NA,NA,NA,NA,NA,NA,NA,NA,NA,NA,NA,NA,NA,NA,NA,NA,NA,NA,NA,NA,NA,0,24,-Inf,9.2,-Inf,38,NA,NA
2020-11-23,3,27-123-0868,Ramsey_Health,Minneapolis-St. Paul,NA,NA,NA,NA,NA,NA,NA,NA,NA,NA,NA,NA,NA,NA,10.247,10.308,9.568,10.967,8.296,12.094,8.342,50,43,40,45,34,43,35,NA,NA,NA,NA,NA,NA,NA,NA,NA,NA,yellow,NA,MSP,11,44.9323,-93.0559,0,38.59,SE,SE,W,301.32,390.455,7.31,0.67656,0.69,14.1,10.75,0.53,-4.7,-6.06,10,8,271.4,613.8,2.6,2.6,304,10,1,"47.577, -96.353",NA,NA,NA,NA,NA,NA,NA,NA,NA,NA,NA,NA,NA,NA,NA,NA,NA,NA,NA,NA,NA,NA,NA,NA,NA,NA,NA,NA,NA,NA,NA
2020-11-23,3,27-123-0871,Harding,Minneapolis-St. Paul,NA,NA,NA,NA,NA,NA,NA,NA,NA,NA,NA,NA,NA,NA,7.963,7.812,6.827,7.852,6.525,10.798,5.906,45,33,28,33,27,33,25,NA,NA,NA,NA,NA,NA,NA,NA,NA,NA,yellow,NA,MSP,11,44.9323,-93.0559,0,38.59,SE,SE,W,301.32,390.455,7.31,0.67656,0.69,14.3,10.75,0.53,-4.7,-6.06,10,8,271.3,613.8,2.6,2.6,320.2,10,1,"47.524, -96.256",NA,NA,NA,NA,NA,NA,NA,NA,NA,NA,NA,NA,NA,NA,NA,NA,NA,NA,NA,NA,NA,NA,NA,NA,23,NA,6.5,NA,27,NA,NA
2020-11-23,3,27-137-7001,Virginia,Virginia,35.024,31.808,33.289,31.056,39.524,39.441,35.659,36,32,31,29,36,29,32,8.381,8.044,7.374,7.318,10.989,8.178,5.96,34,35,30,30,45,33,25,NA,NA,NA,NA,NA,NA,NA,NA,32,34.6,green,NA,NE,11,47.4274,-92.4973,0,33.27,SE,SE,W,381.49,424.665,3.495,0.689596,0.74,29,9.5,0.56,-5.48,-3.23,10,7.65,267.3,549.8,2.2,2.2,352,10,1,"49.802, -95.146",NA,NA,NA,NA,NA,NA,NA,NA,NA,NA,NA,NA,NA,NA,NA,NA,NA,NA,NA,NA,NA,NA,NA,NA,24,NA,4.5,NA,19,NA,NA
2020-11-23,3,27-137-7550,Duluth_WDSE,Duluth,24.198,25.507,24.243,25.491,20.293,25.459,23.342,23,22,22,23,19,23,21,4.592,4.659,5.06,4.596,3.036,5.607,4.028,23,19,21,19,13,19,17,NA,NA,NA,NA,NA,NA,NA,NA,22,23.8,yellow,NA,Duluth,11,46.8434,-92.1866,0,33.47,SE,SE,W,381.49,424.665,3.495,0.676998,0.73,17.5,5.65,0.53,-4.37,-5.28,10,6.67,268,549.8,2.2,2.2,336,10,1,"49.45, -95.401",NA,NA,NA,NA,NA,NA,NA,NA,NA,NA,NA,NA,NA,NA,NA,NA,NA,NA,NA,NA,NA,NA,NA,24,24,33.5,6,31,25,NA,NA
2020-11-23,3,27-139-0505,Shakopee,South Twin Cities Metro,25.845,25.418,27.549,25.444,25.48,25.333,27.99,23,23,25,23,23,23,25,6.943,5.579,5.204,6.061,11.094,6.774,6.689,28,29,22,25,46,23,27,NA,NA,NA,NA,NA,NA,NA,NA,23,24.8,yellow,NA,South_Metro,11,44.824871,-93.457042,0,39.78,SE,SE,W,301.32,390.455,7.31,0.65994,0.7,20.1,7.2,0.6,-3.12,-4.865,10,8.39,272.5,685.5,2.9,2.9,267.9,10,1,"47.362, -96.731",NA,NA,NA,NA,NA,NA,NA,NA,NA,NA,NA,NA,NA,NA,NA,NA,NA,NA,NA,NA,NA,NA,NA,24,24,24.7,5.9,22,25,NA,NA
2020-11-23,3,27-145-3052,St_Cloud,St. Cloud,26.008,26.245,26.435,26.005,23.608,27.749,25.509,25,24,24,24,21,24,23,5.129,5.035,4.487,5.061,5.252,5.808,3.584,24,21,18,21,22,21,15,NA,NA,NA,NA,NA,NA,NA,NA,24,25.9,green,NA,Central,11,45.54415,-94.051625,0,35.11,SE,SE,W,301.32,390.455,7.31,0.731308,0.77,18.2,5.5,0.66,-3.62,-7.6,10,10.25,269.9,493.9,2.3,2.3,295.1,10,1,"48.084, -96.596",NA,NA,NA,NA,NA,NA,NA,NA,NA,NA,NA,NA,NA,NA,NA,NA,NA,NA,NA,NA,NA,NA,NA,0,24,-Inf,6.1,-Inf,25,NA,NA
2020-11-23,3,27-163-6016,Marine_St_Croix,North Twin Cities Metro,28.725,26.289,29.283,26.495,34.865,26.694,28.597,24,26,27,24,31,24,26,NA,NA,NA,NA,NA,NA,NA,NA,NA,NA,NA,NA,NA,NA,NA,NA,NA,NA,NA,NA,NA,NA,26,28.1,yellow,NA,North_Metro,11,44.592622,-92.48438,0,41.47,SE,SE,SW,301.32,390.455,7.31,0.653022,0.7,17.5,9.55,0.53,-4.25,-3.13,10,8.46,269.1,485,2.2,2.2,341.6,10,1,"48.117, -96.163",NA,NA,NA,NA,NA,NA,NA,NA,NA,NA,NA,NA,NA,NA,NA,NA,NA,NA,NA,NA,NA,NA,NA,0,NA,-Inf,NA,-Inf,NA,NA,NA
2020-11-23,3,27-171-3201,St_Michael,North Twin Cities Metro,26.827,26.848,27.105,27.606,24.943,27.633,26.862,25,24,25,25,22,24,24,4.055,4.577,3.449,4.617,1.431,6.201,3.046,26,17,14,19,6,19,13,NA,NA,NA,NA,NA,NA,NA,NA,24,25.9,yellow,NA,North_Metro,11,45.54415,-94.051625,0,35.11,SE,SE,W,301.32,390.455,7.31,0.731784,0.77,15.05,5.25,0.66,-3.62,-7.6,10,10.25,269.3,480.4,2.3,2.3,290.4,10,1,"48.175, -96.624",NA,NA,NA,NA,NA,NA,NA,NA,NA,NA,NA,NA,NA,NA,NA,NA,NA,NA,NA,NA,NA,NA,NA,0,24,-Inf,7,-Inf,29,NA,NA
2020-11-23,3,38-017-1004,Fargo,Moorhead,28.743,27.718,28.689,28.268,28.038,31,29.782,29,26,26,26,26,25,27,13.403,12.078,11.834,14.882,14.623,13.597,11.123,54,54,49,57,56,50,46,NA,NA,NA,NA,NA,NA,NA,NA,26,28.1,green,NA,NW,11,46.9111,-96.8147,0,38.84,SE,SE,NW,602.1,323.71,9.81,0.69765,0.72,19.85,8.45,0.73,0.24,-0.63,10,13.88,263,549.8,1.7,1.7,275.5,10,1,"49.776, -98.349",NA,NA,NA,NA,NA,NA,NA,NA,NA,NA,NA,NA,NA,NA,NA,NA,NA,NA,NA,NA,NA,NA,NA,NA,NA,23,8.1,21,34,NA,NA
2020-11-23,3,55-063-0012,Winona,Winona,30.873,30.584,31.614,30.517,29.289,32.36,28.663,30,28,29,28,27,28,26,8.454,8.504,6.606,7.956,10.604,8.599,7.816,35,35,27,33,44,35,33,NA,NA,NA,NA,NA,NA,NA,NA,28,30.2,yellow,NA,SE,11,43.8792,-91.2532,0,41.58,SE,SE,SW,301.32,390.455,7.31,0.624442,0.67,10.5,9.45,0.58,-1.92,-3.92,10,6.38,271.8,549.8,3.3,3.3,432,10,1,"46.198, -95.578",NA,NA,NA,NA,NA,NA,NA,NA,NA,NA,NA,NA,NA,NA,NA,NA,NA,NA,NA,NA,NA,NA,NA,NA,NA,NA,12.2,NA,51,NA,NA
2020-11-24,1,27-003-1001,Cedar_Creek,North Twin Cities Metro,26.473,26.966,29.019,26.715,23.773,25.894,27.273,23,24,27,24,21,24,25,NA,NA,NA,NA,NA,NA,NA,NA,NA,NA,NA,NA,NA,NA,24.91,15.23,24.64,9.26,22,38,22,58,24,25.9,45,10.8,North_Metro,11,45.5628,-93.2644,1,39.56,SE,SE,Calm,322.12,257.875,13.03,0.754444444444,0.75,24.75,8.35,1,2.91,-3.24,8.095,9,273.6,470,2.8,2.8,349,10,1,"43.826, -90.446",NA,NA,NA,NA,NA,NA,NA,NA,NA,NA,NA,NA,NA,NA,NA,NA,NA,NA,NA,NA,NA,NA,NA,0,NA,-Inf,NA,-Inf,NA,24,22
2020-11-24,1,27-003-1002,Anoka,North Twin Cities Metro,25.826,25.945,24.559,26.261,24.228,28.135,23.329,26,23,22,24,22,23,21,10.144,12.018,12.806,9.568,6.168,10.16,13.756,42,42,52,40,25,50,54,22.11,22.46,21.53,14.85,19,57,20,73,23,24.8,45,10.8,North_Metro,11,45.142563,-93.212739,1,40.13,SE,SE,SE,322.12,257.875,13.03,0.824444444444,0.78,22.15,9.05,1,2.75,-5.37,9.379,8.21,274.3,465.5,2.9,3,298.5,10,1,"43.423, -90.566",NA,NA,NA,NA,NA,NA,NA,NA,NA,NA,NA,NA,NA,NA,NA,NA,NA,NA,NA,NA,NA,NA,NA,24,24,23.9,6.6,21,28,22,20
2020-11-24,1,27-005-2013,Detroit_Lakes,Detroit Lakes,24.558,26.163,26.038,25.132,19.533,25.923,27.147,23,22,24,23,18,24,25,6.273,7.228,7.848,5.918,3.169,7.205,7.178,30,26,33,25,13,30,30,27.05,9.94,26.02,4.68,24,19,25,41,22,23.8,25,6,NW,11,46.8285,-95.8857,1,38.82,S,S,SE,555.25,393.31,7.465,0.834444444444,0.77,18.45,6.15,0.99,2.78,1.42,8.689,9.93,272.8,469.5,2.5,2.5,316,10,1,"44.453, -92.555",NA,NA,NA,NA,NA,NA,NA,NA,NA,NA,NA,NA,NA,NA,NA,NA,NA,NA,NA,NA,NA,NA,NA,0,24,-Inf,5.3,-Inf,22,24,22
2020-11-24,1,27-007-2304,Red_Lake,Red Lake,27.042,27.864,30.432,26.303,23.081,27.532,29.496,25,25,28,24,21,25,27,10.455,14.05,13.242,9.883,2.011,13.088,13.162,53,43,53,41,8,55,53,28.97,7.75,28.32,8.55,26,35,26,32,25,27,36,8.6,NW,11,47.5076,-94.9277,1,37.77,S,S,SE,190.02,274.78,9.17,0.775555555556,0.74,23.5,8.85,0.994444444444,4.25,1.03,6.613,8.72,269.6,561.5,1.8,1.9,323.2,10,1,"46.148, -92.197",NA,NA,NA,NA,NA,NA,NA,NA,NA,NA,NA,NA,NA,NA,NA,NA,NA,NA,NA,NA,NA,NA,NA,NA,24,NA,5.6,NA,23,29,27
2020-11-24,1,27-017-7417,Fond_Du_Lac,Fond du Lac,30.951,29.981,29.489,31.648,33.091,30.548,28.346,28,28,27,29,31,27,26,13.357,12.882,14.127,8.03,14.629,17.117,12.941,62,54,55,33,56,52,53,26.1,9.94,30.36,4.59,28,19,24,41,28,30.2,28,6.7,Fond_du_Lac_r,11,46.698575,-92.50345,1,38.04,SE,SE,Calm,190.02,274.78,9.17,0.848888888889,0.77,24.65,8.35,0.998888888889,8.74,-1.16,3.741,7.04,270,599.9,2,2.1,444.8,10,1,"45.477, -90.543",NA,NA,NA,NA,NA,NA,NA,NA,NA,NA,NA,NA,NA,NA,NA,NA,NA,NA,NA,NA,NA,NA,NA,0,0,-Inf,NA,-Inf,NA,31,29
2020-11-24,1,27-021-3410,Leech_Lake,Leech Lake,28.13,28.104,34.36,26.323,24.333,27.532,29.613,25,26,31,24,22,26,27,10.962,15.915,11.405,9.94,4.813,12.735,11.445,52,45,48,41,20,59,48,28.68,7.3,28.24,5.34,26,22,26,30,26,28.1,45,10.8,NW,11,47.5076,-94.9277,1,37.77,S,S,SE,190.02,274.78,9.17,0.775555555556,0.74,25.4,9.2,0.994444444444,4.25,1.03,6.613,8.72,270.1,538.9,1.9,1.9,349.4,10,1,"45.849, -91.848",NA,NA,NA,NA,NA,NA,NA,NA,NA,NA,NA,NA,NA,NA,NA,NA,NA,NA,NA,NA,NA,NA,NA,NA,23,NA,4.5,NA,19,29,27
2020-11-24,1,27-031-7810,Grand_Portage,Grand Portage,39.643,35.895,40.061,36.206,43.944,42.106,42.606,39,36,37,33,40,32,39,4.577,4.194,4.497,4.483,0.98,8.73,1.855,36,19,18,18,4,17,8,28.89,3.63,29.14,3.37,27,14,26,15,36,38.9,18,4.3,NE,11,47.7472,-90.3433,1,38.81,S,S,NE,190.02,274.78,9.17,0.795555555556,0.77,31,7.85,1,3.88,-2.19,5.193,10.79,265.6,840,2.2,2.2,518.1,10,1,"46.576, -87.997",NA,NA,NA,NA,NA,NA,NA,NA,NA,NA,NA,NA,NA,NA,NA,NA,NA,NA,NA,NA,NA,NA,NA,NA,24,NA,4.4,NA,18,29,27
2020-11-24,1,27-035-3204,Brainerd,Brainerd,31.932,29.009,30.418,29.359,38.517,32.355,32.295,30,29,28,27,35,27,30,7.464,8.65,7.86,6.933,5.908,7.97,7.386,33,31,33,29,25,36,30,25.69,11.29,25.22,5.63,23,23,23,47,29,31.3,25,6,Central,11,46.402062,-94.12736,1,38.58,S,SE,SE,322.12,257.875,13.03,0.774444444444,0.73,26.5,6.15,1,2.87,-1.88,7.826,8.83,272.6,556.5,2.3,2.3,302,10,1,"44.73, -91.226",NA,NA,NA,NA,NA,NA,NA,NA,NA,NA,NA,NA,NA,NA,NA,NA,NA,NA,NA,NA,NA,NA,NA,0,24,-Inf,4.6,-Inf,19,25,23
2020-11-24,1,27-037-0470,Apple_Valley,South Twin Cities Metro,NA,NA,NA,NA,NA,NA,NA,NA,NA,NA,NA,NA,NA,NA,9.632,10.348,10.193,9.005,9.037,9.575,10.312,40,40,42,38,38,43,43,23.48,14.88,22.24,10.16,20,42,21,57,NA,NA,49,11.8,South_Metro,11,44.8249,-93.457,1,38.77,SE,SE,SE,322.12,257.875,13.03,0.878888888889,0.84,22.1,9.2,1,0.32,-5.88,9.62,8.12,274.7,592.7,3.1,3.1,280.2,10,1,"42.819, -90.76",NA,NA,NA,NA,NA,NA,NA,NA,NA,NA,NA,NA,NA,NA,NA,NA,NA,NA,NA,NA,NA,NA,NA,NA,24,NA,5.1,NA,21,24,22
2020-11-24,1,27-037-0480,Lakeville,South Twin Cities Metro,NA,NA,NA,NA,NA,NA,NA,NA,NA,NA,NA,NA,NA,NA,9.402,9.705,8.283,8.918,10.212,9.891,8.191,41,39,34,37,43,40,34,23.37,15.2,20.7,10.71,19,45,21,58,NA,NA,49,11.8,South_Metro,11,44.6252,-93.2273,1,41.14,S,SE,SE,322.12,257.875,13.03,0.761111111111,0.76,19.75,9.5,0.998888888889,1.23,-1.66,9.639,8.97,275,595.7,3.1,3.1,264.5,10,1,"42.714, -90.771",NA,NA,NA,NA,NA,NA,NA,NA,NA,NA,NA,NA,NA,NA,NA,NA,NA,NA,NA,NA,NA,NA,NA,NA,24,NA,6.5,NA,27,24,22
2020-11-24,1,27-049-5302,Stanton,South Twin Cities Metro,29.93,27.104,26.573,27.322,37.579,31.073,28.123,29,27,24,25,34,25,26,NA,NA,NA,NA,NA,NA,NA,NA,NA,NA,NA,NA,NA,NA,25.99,12.33,23.26,7.61,21,32,23,51,27,29.2,49,11.8,South_Metro,11,44.6252,-93.2273,1,41.14,S,SE,SE,322.12,257.875,13.03,0.761111111111,0.76,19.25,9.25,0.998888888889,1.23,-1.66,9.639,8.97,275.5,637.4,3.2,3.2,259.2,10,1,"42.467, -90.576",NA,NA,NA,NA,NA,NA,NA,NA,NA,NA,NA,NA,NA,NA,NA,NA,NA,NA,NA,NA,NA,NA,NA,0,NA,-Inf,NA,-Inf,NA,24,22
2020-11-24,1,27-053-0962,MSP,Minneapolis-St. Paul,21.035,18.776,17.068,18.181,23.488,27.66,23.026,25,19,16,17,21,17,21,13.155,13.157,13.495,12.041,14.065,13.018,12.641,53,53,54,50,55,53,52,18.62,20.1,16.41,15.8,15,59,17,68,19,20.5,51,12.1,MSP,11,44.8852,-93.2313,1,38.91,SE,SE,SE,322.12,257.875,13.03,0.842222222222,0.82,22.2,9.1,1,0.85,-5.465,9.574,7.78,274.4,401.5,3.1,3.1,274.1,10,1,"43.27, -90.752",NA,NA,NA,NA,NA,NA,NA,NA,NA,NA,NA,NA,NA,NA,NA,NA,NA,NA,NA,NA,NA,NA,NA,0,24,-Inf,6.6,-Inf,28,18,17
2020-11-24,1,27-053-0963,HC_Anderson,Minneapolis-St. Paul,NA,NA,NA,NA,NA,NA,NA,NA,NA,NA,NA,NA,NA,NA,11.944,12.886,12.945,11.65,11.351,10.886,12.723,45,50,53,48,47,52,52,19,19.48,16.44,15.03,15,57,18,66,NA,NA,51,12.1,MSP,11,44.8852,-93.2313,1,38.91,SE,SE,SE,322.12,257.875,13.03,0.842222222222,0.82,22.2,9.1,1,0.85,-5.465,9.574,7.78,274.4,401.5,3.1,3.1,273.5,10,1,"43.255, -90.752",NA,NA,NA,NA,NA,NA,NA,NA,NA,NA,NA,NA,NA,NA,NA,NA,NA,NA,NA,NA,NA,NA,NA,NA,24,NA,6.2,NA,26,18,17
2020-11-24,1,27-053-2006,St_Louis_Park,Minneapolis-St. Paul,NA,NA,NA,NA,NA,NA,NA,NA,NA,NA,NA,NA,NA,NA,10.662,12.472,10.776,9.84,9.547,10.676,10.961,44,44,45,41,40,52,45,18.99,19.07,15.23,14.49,14,56,17,66,NA,NA,51,12.1,MSP,11,45.061746,-93.353996,1,39.19,SE,SE,SE,322.12,257.875,13.03,0.785555555556,0.78,22.2,9.1,1,1.12,-4.33,9.3,7.73,274.2,403.1,3.1,3.1,272.4,10,1,"43.205, -90.814",NA,NA,NA,NA,NA,NA,NA,NA,NA,NA,NA,NA,NA,NA,NA,NA,NA,NA,NA,NA,NA,NA,NA,NA,NA,NA,NA,NA,NA,17,16
2020-11-24,1,27-075-0005,Ely,Ely,38.99,35.511,38.698,33.819,44.815,42.106,39.501,39,35,35,31,41,32,36,9.83,7.79,7.657,6.721,16.203,10.779,5.945,45,41,32,28,60,32,25,28.96,4.71,33.21,6.27,31,26,26,20,35,37.8,18,4.3,NE,11,47.824724,-91.832975,1,35.06,S,S,Calm,190.02,274.78,9.17,0.746666666667,0.73,31,8.3,1,7.07,-0.54,5.346,7.78,269.6,867,2,2,496,10,1,"45.443, -88.887",NA,NA,NA,NA,NA,NA,NA,NA,NA,NA,NA,NA,NA,NA,NA,NA,NA,NA,NA,NA,NA,NA,NA,0,23,-Inf,0.2,-Inf,1,34,31
2020-11-24,1,27-083-4210,Marshall,Marshall,27.55,27.715,25.092,27.658,27.53,29.756,29.366,27,25,23,25,25,25,27,7.092,7.97,4.98,9.047,4.029,9.433,4.157,39,29,20,38,17,33,17,30.99,4.2,24.3,4.36,22,18,28,18,25,27,29,7,SW,11,44.450439,-95.821504,1,42.71,S,S,SE,322.12,257.875,13.03,0.787777777778,0.77,12.05,6.6,0.99,0.85,-1.89,10,8.72,275.9,401.5,2.8,2.8,261.9,10,1,"41.657, -93.355",NA,NA,NA,NA,NA,NA,NA,NA,NA,NA,NA,NA,NA,NA,NA,NA,NA,NA,NA,NA,NA,NA,NA,0,24,-Inf,5.2,-Inf,22,22,20
2020-11-24,1,27-095-3051,Mille_Lacs,Mille Lacs,29.592,27.148,28.774,26.642,35.553,29.845,28.38,27,27,26,24,32,25,26,8.41,9.178,8.696,8.144,6.834,9.198,9.33,38,35,36,34,28,38,39,26.47,11.5,28.25,6.19,26,25,24,48,27,29.2,25,6,Central,11,46.548965,-93.675734,1,35.52,S,SE,SE,322.12,257.875,13.03,0.858888888889,0.87,26.5,6.4,1,5.07,-3.98,7.282,9.43,273,537.4,2.4,2.5,319,10,1,"44.497, -90.942",NA,NA,NA,NA,NA,NA,NA,NA,NA,NA,NA,NA,NA,NA,NA,NA,NA,NA,NA,NA,NA,NA,NA,0,NA,-Inf,NA,-Inf,NA,28,26
2020-11-24,1,27-109-5008,Rochester,Rochester,29.103,27.235,28.299,27.463,33.079,29.438,29.707,27,27,26,25,31,25,27,13.648,13.256,13.596,11.752,17.97,11.666,11.806,48,54,54,49,63,53,49,26.29,11.14,23.52,6.84,21,28,24,46,27,29.2,51,12.1,SE,11,43.904,-92.4921,1,37.2,S,SE,S,322.12,257.875,13.03,0.941111111111,0.9,20.35,9.25,1,-0.6,-10.28,6.328,10.83,276.6,582.7,3.3,3.3,215.9,10,1,"42.073, -90.196",NA,NA,NA,NA,NA,NA,NA,NA,NA,NA,NA,NA,NA,NA,NA,NA,NA,NA,NA,NA,NA,NA,NA,0,24,-Inf,6.6,-Inf,28,24,22
2020-11-24,1,27-123-0868,Ramsey_Health,Minneapolis-St. Paul,NA,NA,NA,NA,NA,NA,NA,NA,NA,NA,NA,NA,NA,NA,11.675,13.676,13.189,10.998,7.798,12.716,13.85,52,48,53,45,32,54,55,22.44,18.38,21.74,12.88,19,52,20,64,NA,NA,51,12.1,MSP,11,44.9323,-93.0559,1,39.75,SE,SE,SE,322.12,257.875,13.03,0.827777777778,0.81,22.1,9.05,1,1.41,-4.9,9.506,8.19,274.5,408.3,3.1,3.1,273.7,10,1,"43.294, -90.596",NA,NA,NA,NA,NA,NA,NA,NA,NA,NA,NA,NA,NA,NA,NA,NA,NA,NA,NA,NA,NA,NA,NA,NA,NA,NA,NA,NA,NA,22,20
2020-11-24,1,27-123-0871,Harding,Minneapolis-St. Paul,NA,NA,NA,NA,NA,NA,NA,NA,NA,NA,NA,NA,NA,NA,9.971,11.869,11.685,9.89,5.326,11.085,12.079,46,41,48,41,22,49,50,22.7,17.84,22.39,11.55,20,48,20,63,NA,NA,51,12.1,MSP,11,44.9323,-93.0559,1,39.75,SE,SE,SE,322.12,257.875,13.03,0.827777777778,0.81,22.15,9.05,1,1.41,-4.9,9.506,8.19,274.5,425.6,3.1,3.1,276.4,10,1,"43.312, -90.519",NA,NA,NA,NA,NA,NA,NA,NA,NA,NA,NA,NA,NA,NA,NA,NA,NA,NA,NA,NA,NA,NA,NA,NA,24,NA,7.2,NA,30,23,21
2020-11-24,1,27-137-7001,Virginia,Virginia,37.673,35.225,33.54,33.22,44.272,42.106,37.918,39,34,31,31,41,32,34,13.009,12.596,15.974,10.161,15.598,10.718,14.379,45,53,59,42,58,52,56,26.66,6.79,27.48,4.52,25,19,24,28,34,36.7,28,6.7,NE,11,47.4274,-92.4973,1,35.56,S,SE,Calm,190.02,274.78,9.17,0.736666666667,0.75,30.25,8.4,1,6.96,-0.94,4.379,8.29,267.8,595.7,2.2,2.2,496.7,10,1,"46.339, -90.163",NA,NA,NA,NA,NA,NA,NA,NA,NA,NA,NA,NA,NA,NA,NA,NA,NA,NA,NA,NA,NA,NA,NA,NA,24,NA,5.1,NA,21,28,26
2020-11-24,1,27-137-7550,Duluth_WDSE,Duluth,26.537,25.521,24.235,25.767,29.167,27.995,25.43,25,24,22,23,27,23,23,9.576,8.633,6.74,13.24,6.979,12.289,7.485,51,40,28,53,29,36,31,23.97,10.13,26.62,7.61,24,32,21,42,24,25.9,51,12.1,Duluth,11,46.8434,-92.1866,1,36.81,SE,SE,E,190.02,274.78,9.17,0.813333333333,0.75,27.3,10.05,1,6.82,-1.94,5.7,6.34,273.2,741.1,2.4,2.4,339.1,10,1,"44.668, -89.179",NA,NA,NA,NA,NA,NA,NA,NA,NA,NA,NA,NA,NA,NA,NA,NA,NA,NA,NA,NA,NA,NA,NA,24,24,31.2,9.5,29,40,26,24
2020-11-24,1,27-139-0505,Shakopee,South Twin Cities Metro,25.659,25.405,28.305,25.31,24.763,24.512,27.274,22,23,26,23,22,23,25,11.422,11.808,12.099,9.184,12.731,11.286,10.851,47,48,50,38,52,49,45,22.62,15.77,18.36,10.84,17,45,20,59,23,24.8,49,11.8,South_Metro,11,44.824871,-93.457042,1,38.77,SE,SE,SE,322.12,257.875,13.03,0.877777777778,0.84,22.15,9.25,1,0.32,-5.875,9.62,8.12,274.8,656.2,3,3,272.3,10,1,"42.774, -90.948",NA,NA,NA,NA,NA,NA,NA,NA,NA,NA,NA,NA,NA,NA,NA,NA,NA,NA,NA,NA,NA,NA,NA,24,24,18.8,4.2,17,18,18,17
2020-11-24,1,27-145-3052,St_Cloud,St. Cloud,25.669,24.277,27.651,24.299,26.492,25.626,22.876,23,23,25,22,24,22,20,8.265,9.433,8.849,7.888,7.882,7.272,8.466,30,34,37,33,33,39,35,18.89,19.93,21.9,10.06,19,42,17,67,23,24.8,34,8.2,Central,11,45.54415,-94.051625,1,36.39,SE,SE,SE,322.12,257.875,13.03,0.856666666667,0.83,24.45,7.95,1,1.69,-6.32,8.996,8.76,273.7,466.7,2.7,2.7,267.9,10,1,"43.862, -91.312",NA,NA,NA,NA,NA,NA,NA,NA,NA,NA,NA,NA,NA,NA,NA,NA,NA,NA,NA,NA,NA,NA,NA,0,24,-Inf,5,-Inf,21,25,23
2020-11-24,1,27-163-6016,Marine_St_Croix,North Twin Cities Metro,29.128,27.012,27.282,26.902,37.433,27.011,32.414,25,27,25,24,34,25,30,NA,NA,NA,NA,NA,NA,NA,NA,NA,NA,NA,NA,NA,NA,26.23,12.2,25.6,6.8,23,28,24,51,27,29.2,45,10.8,North_Metro,11,44.592622,-92.48438,1,42.37,SE,SE,Calm,322.12,257.875,13.03,0.742222222222,0.76,22.25,8.7,0.998888888889,2.1,-2.23,8.41,9.73,274.4,497.5,2.9,2.9,317.4,10,1,"43.624, -90.134",NA,NA,NA,NA,NA,NA,NA,NA,NA,NA,NA,NA,NA,NA,NA,NA,NA,NA,NA,NA,NA,NA,NA,0,NA,-Inf,NA,-Inf,NA,25,23
2020-11-24,1,27-171-3201,St_Michael,North Twin Cities Metro,27.473,26.767,27.915,27.493,28.948,26.24,26.712,24,25,25,25,26,24,24,8.591,9.907,8.526,9.392,4.814,10.314,7.219,43,35,35,39,20,41,30,19.32,22.88,20.62,15.18,19,57,18,74,25,27,45,10.8,North_Metro,11,45.54415,-94.051625,1,36.39,SE,SE,SE,322.12,257.875,13.03,0.856666666667,0.83,22.35,8.75,1,1.69,-6.32,8.996,8.76,274.1,465.5,2.9,2.9,291.5,10,1,"43.507, -91.115",NA,NA,NA,NA,NA,NA,NA,NA,NA,NA,NA,NA,NA,NA,NA,NA,NA,NA,NA,NA,NA,NA,NA,0,24,-Inf,6.3,-Inf,26,26,24
2020-11-24,1,38-017-1004,Fargo,Moorhead,26.955,26.669,24.198,27.844,26.946,29.115,24.543,27,24,22,25,24,24,22,11.944,10.545,10.076,11.235,15.901,11.962,6.212,50,50,42,47,59,44,26,25.45,8.54,23.32,8.5,21,35,23,35,24,25.9,43,10.3,NW,11,46.9111,-96.8147,1,40.61,S,S,SE,555.25,393.31,7.465,0.801111111111,0.77,17,3.55,0.982222222222,3.36,1.14,9.652,9.67,272.6,401.5,2.5,2.5,347,10,1,"43.81, -93.633",NA,NA,NA,NA,NA,NA,NA,NA,NA,NA,NA,NA,NA,NA,NA,NA,NA,NA,NA,NA,NA,NA,NA,NA,NA,15,12.3,14,51,22,20
2020-11-24,1,55-063-0012,Winona,Winona,30.277,29.197,28.483,30.056,32.918,30.732,30.932,28,28,26,28,30,27,28,14.952,14.519,13.198,18.362,14.539,14.142,13.138,55,57,53,64,56,56,53,27.4,9.3,26.78,10.55,24,44,25,39,28,30.2,53,13.1,SE,11,43.8792,-91.2532,1,44.37,SE,SE,Calm,322.12,257.875,13.03,0.873333333333,0.79,19.45,8.95,1,3.57,-1.13,5.503,9.5,277,712.6,3.5,3.6,240,10,1,"42.092, -89.293",NA,NA,NA,NA,NA,NA,NA,NA,NA,NA,NA,NA,NA,NA,NA,NA,NA,NA,NA,NA,NA,NA,NA,NA,NA,NA,9.2,NA,38,26,24
2020-11-25,1,27-003-1001,Cedar_Creek,North Twin Cities Metro,31.305,33.208,34.203,33.602,30.246,25.269,30.713,23,29,31,31,28,31,28,NA,NA,NA,NA,NA,NA,NA,NA,NA,NA,NA,NA,NA,NA,28.59,8.07,27.88,5.29,25,22,26,33,29,31.3,27,6.5,NA,NA,NA,NA,NA,NA,NA,NA,NA,NA,NA,NA,NA,NA,NA,NA,NA,NA,NA,NA,NA,276.3,502.5,3.5,3.5,292.4,10,2,"44.17, -90.698",NA,NA,NA,NA,NA,NA,NA,NA,NA,NA,NA,NA,NA,NA,NA,NA,NA,NA,NA,NA,NA,NA,NA,0,NA,-Inf,NA,-Inf,NA,NA,NA
2020-11-25,1,27-003-1002,Anoka,North Twin Cities Metro,33.438,33.448,32.294,35.301,32.186,33.961,30.465,31,31,30,32,30,31,28,10.93,11.767,11.651,10.697,8.029,12.507,10.852,52,45,48,44,33,49,45,25.44,12.98,21.17,9.23,19,38,23,53,31,33.5,27,6.5,NA,NA,NA,NA,NA,NA,NA,NA,NA,NA,NA,NA,NA,NA,NA,NA,NA,NA,NA,NA,NA,276.3,477.9,3.6,3.6,318.9,10,2,"43.888, -90.787",NA,NA,NA,NA,NA,NA,NA,NA,NA,NA,NA,NA,NA,NA,NA,NA,NA,NA,NA,NA,NA,NA,NA,24,24,18.4,4.9,17,20,NA,NA
2020-11-25,1,27-005-2013,Detroit_Lakes,Detroit Lakes,33.684,33.068,33.679,33.654,34.879,33.139,32.389,31,31,31,31,31,31,30,9.161,11.531,10.288,8.129,4.991,10.868,11.14,45,38,43,34,20,48,46,30.61,10.16,28.57,5.43,26,23,28,42,31,33.5,15,3.6,NA,NA,NA,NA,NA,NA,NA,NA,NA,NA,NA,NA,NA,NA,NA,NA,NA,NA,NA,NA,NA,271.7,555.1,2.5,2.5,358.7,10,2,"46.311, -97.577",NA,NA,NA,NA,NA,NA,NA,NA,NA,NA,NA,NA,NA,NA,NA,NA,NA,NA,NA,NA,NA,NA,NA,0,24,-Inf,9.1,-Inf,38,NA,NA
2020-11-25,1,27-007-2304,Red_Lake,Red Lake,33.807,34.007,33.238,33.895,34.754,33.139,33.51,31,31,31,31,31,31,31,6.495,8.143,7.639,5.545,1.658,9.492,6.517,39,27,32,23,7,34,27,31.7,6.96,30.5,8.11,28,34,29,29,31,33.5,25,6,NA,NA,NA,NA,NA,NA,NA,NA,NA,NA,NA,NA,NA,NA,NA,NA,NA,NA,NA,NA,NA,271.5,470.9,2.5,2.5,374.4,10,2,"45.693, -95.752",NA,NA,NA,NA,NA,NA,NA,NA,NA,NA,NA,NA,NA,NA,NA,NA,NA,NA,NA,NA,NA,NA,NA,NA,24,NA,11.2,NA,47,NA,NA
2020-11-25,1,27-017-7417,Fond_Du_Lac,Fond du Lac,33.344,32.562,32.699,34.467,38.036,28.957,34.019,26,31,30,31,35,30,31,6.019,5.82,4.126,5.516,7.97,6.665,4.507,27,25,17,23,33,24,19,26.88,5.81,29.26,1.86,27,8,24,24,31,33.5,20,4.8,NA,NA,NA,NA,NA,NA,NA,NA,NA,NA,NA,NA,NA,NA,NA,NA,NA,NA,NA,NA,NA,271.5,535.8,2.3,2.4,392.6,10,2,"45.304, -90.732",NA,NA,NA,NA,NA,NA,NA,NA,NA,NA,NA,NA,NA,NA,NA,NA,NA,NA,NA,NA,NA,NA,NA,0,3,-Inf,-2.3,-Inf,-10,NA,NA
2020-11-25,1,27-021-3410,Leech_Lake,Leech Lake,34.099,34.007,34.7,33.895,34.754,33.139,34.058,31,31,31,31,31,31,31,7.525,10.526,8.564,5.545,3.779,9.208,6.601,38,31,35,23,15,44,27,31.78,6.95,30.64,6.15,28,25,29,29,31,33.5,31,7.4,NA,NA,NA,NA,NA,NA,NA,NA,NA,NA,NA,NA,NA,NA,NA,NA,NA,NA,NA,NA,NA,274.4,510.8,3,3,285.2,10,2,"45.266, -93.558",NA,NA,NA,NA,NA,NA,NA,NA,NA,NA,NA,NA,NA,NA,NA,NA,NA,NA,NA,NA,NA,NA,NA,NA,24,NA,5.1,NA,21,NA,NA
2020-11-25,1,27-031-7810,Grand_Portage,Grand Portage,38.235,34.752,36.219,32.764,46.052,41.388,38.785,38,35,33,30,43,31,35,3.191,3.788,3.742,3.668,0.097,4.659,2.465,19,13,15,15,0,15,10,27.42,2.84,26.96,2.23,24,9,25,12,35,37.8,16,3.8,NA,NA,NA,NA,NA,NA,NA,NA,NA,NA,NA,NA,NA,NA,NA,NA,NA,NA,NA,NA,NA,271.1,593.8,2.3,2.3,373.1,10,2,"44.763, -89.795",NA,NA,NA,NA,NA,NA,NA,NA,NA,NA,NA,NA,NA,NA,NA,NA,NA,NA,NA,NA,NA,NA,NA,NA,24,NA,3,NA,12,NA,NA
2020-11-25,1,27-035-3204,Brainerd,Brainerd,35.955,32.215,31.133,34.309,45.318,36.8,33.056,33,32,29,31,42,30,31,5.507,5.252,5.894,5.348,4.371,6.669,4.485,27,23,24,22,18,22,18,30.79,3.68,27.93,3,25,13,28,15,32,34.6,15,3.6,NA,NA,NA,NA,NA,NA,NA,NA,NA,NA,NA,NA,NA,NA,NA,NA,NA,NA,NA,NA,NA,276,464.3,3.1,3.1,286.8,10,2,"44.621, -92.108",NA,NA,NA,NA,NA,NA,NA,NA,NA,NA,NA,NA,NA,NA,NA,NA,NA,NA,NA,NA,NA,NA,NA,0,24,-Inf,4.9,-Inf,20,NA,NA
2020-11-25,1,27-037-0470,Apple_Valley,South Twin Cities Metro,NA,NA,NA,NA,NA,NA,NA,NA,NA,NA,NA,NA,NA,NA,10.211,11.048,9.523,10.223,10.462,9.798,8.442,40,43,40,43,43,46,35,17.83,12.25,14.82,8.85,13,37,16,51,NA,NA,30,7.2,NA,NA,NA,NA,NA,NA,NA,NA,NA,NA,NA,NA,NA,NA,NA,NA,NA,NA,NA,NA,NA,276.8,523.8,3.7,3.7,335.1,10,2,"43.607, -90.841",NA,NA,NA,NA,NA,NA,NA,NA,NA,NA,NA,NA,NA,NA,NA,NA,NA,NA,NA,NA,NA,NA,NA,NA,24,NA,5.5,NA,23,NA,NA
2020-11-25,1,27-037-0480,Lakeville,South Twin Cities Metro,NA,NA,NA,NA,NA,NA,NA,NA,NA,NA,NA,NA,NA,NA,10.125,9.64,9.376,9.765,11.557,10.286,8.339,43,42,39,40,48,40,35,16.96,12.42,13.38,9.15,12,38,15,52,NA,NA,30,7.2,NA,NA,NA,NA,NA,NA,NA,NA,NA,NA,NA,NA,NA,NA,NA,NA,NA,NA,NA,NA,NA,277,523.8,3.7,3.8,330.9,10,2,"43.634, -90.911",NA,NA,NA,NA,NA,NA,NA,NA,NA,NA,NA,NA,NA,NA,NA,NA,NA,NA,NA,NA,NA,NA,NA,NA,24,NA,7.2,NA,30,NA,NA
2020-11-25,1,27-049-5302,Stanton,South Twin Cities Metro,34.024,31.107,29.049,32.58,44.946,32.439,34.946,30,31,27,30,41,29,31,NA,NA,NA,NA,NA,NA,NA,NA,NA,NA,NA,NA,NA,NA,22.89,13.03,23.64,10.22,21,43,20,53,31,33.5,30,7.2,NA,NA,NA,NA,NA,NA,NA,NA,NA,NA,NA,NA,NA,NA,NA,NA,NA,NA,NA,NA,NA,277.8,541.6,4,4,272.4,10,2,"43.319, -90.323",NA,NA,NA,NA,NA,NA,NA,NA,NA,NA,NA,NA,NA,NA,NA,NA,NA,NA,NA,NA,NA,NA,NA,0,NA,-Inf,NA,-Inf,NA,NA,NA
2020-11-25,1,27-053-0962,MSP,Minneapolis-St. Paul,28.63,27.981,22.149,30.656,34.626,27.736,26.355,25,26,20,28,31,25,24,15.014,14.119,14.752,14.641,17.524,14.031,14.154,55,57,56,56,62,55,55,16.49,12.32,18.68,9.94,17,41,15,51,26,28.1,30,7.2,NA,NA,NA,NA,NA,NA,NA,NA,NA,NA,NA,NA,NA,NA,NA,NA,NA,NA,NA,NA,NA,276.7,474.4,3.7,3.7,316.3,10,2,"43.798, -90.912",NA,NA,NA,NA,NA,NA,NA,NA,NA,NA,NA,NA,NA,NA,NA,NA,NA,NA,NA,NA,NA,NA,NA,0,24,-Inf,4.7,-Inf,20,NA,NA
2020-11-25,1,27-053-0963,HC_Anderson,Minneapolis-St. Paul,NA,NA,NA,NA,NA,NA,NA,NA,NA,NA,NA,NA,NA,NA,12.806,12.878,12.841,12.215,13.991,12.105,11.92,51,52,52,51,55,52,50,15.66,12.26,17.41,9.78,16,40,14,51,NA,NA,30,7.2,NA,NA,NA,NA,NA,NA,NA,NA,NA,NA,NA,NA,NA,NA,NA,NA,NA,NA,NA,NA,NA,276.7,473.6,3.7,3.7,316.8,10,2,"43.786, -90.92",NA,NA,NA,NA,NA,NA,NA,NA,NA,NA,NA,NA,NA,NA,NA,NA,NA,NA,NA,NA,NA,NA,NA,NA,24,NA,3.3,NA,14,NA,NA
2020-11-25,1,27-053-2006,St_Louis_Park,Minneapolis-St. Paul,NA,NA,NA,NA,NA,NA,NA,NA,NA,NA,NA,NA,NA,NA,11.598,12.515,13.798,10.614,10.75,10.31,13.2,43,48,54,44,45,52,53,17.91,11.33,18.82,8.82,17,37,16,47,NA,NA,30,7.2,NA,NA,NA,NA,NA,NA,NA,NA,NA,NA,NA,NA,NA,NA,NA,NA,NA,NA,NA,NA,NA,276.8,470.5,3.7,3.7,289.9,10,2,"43.835, -91.036",NA,NA,NA,NA,NA,NA,NA,NA,NA,NA,NA,NA,NA,NA,NA,NA,NA,NA,NA,NA,NA,NA,NA,NA,NA,NA,NA,NA,NA,NA,NA
2020-11-25,1,27-075-0005,Ely,Ely,37.163,35.188,36.074,32.96,45.171,36.423,35.438,33,34,33,30,42,32,32,8.958,9.049,10.825,4.214,10.866,9.837,9.292,41,37,45,18,45,38,38,29.13,4.28,33.03,2.6,31,11,27,18,34,36.7,15,3.6,NA,NA,NA,NA,NA,NA,NA,NA,NA,NA,NA,NA,NA,NA,NA,NA,NA,NA,NA,NA,NA,268.2,808.2,2.1,2.1,488,10,2,"45.882, -89.942",NA,NA,NA,NA,NA,NA,NA,NA,NA,NA,NA,NA,NA,NA,NA,NA,NA,NA,NA,NA,NA,NA,NA,0,23,-Inf,1.8,-Inf,8,NA,NA
2020-11-25,1,27-083-4210,Marshall,Marshall,39.255,42.817,33.792,40.241,40.609,38.817,35.808,35,36,31,37,37,39,32,7.983,10.472,6.856,9.843,4.849,7.896,6.027,33,33,28,41,20,43,25,30.88,8.5,27.25,6.84,25,28,28,35,36,38.9,16,3.8,NA,NA,NA,NA,NA,NA,NA,NA,NA,NA,NA,NA,NA,NA,NA,NA,NA,NA,NA,NA,NA,269.1,348.8,2,2,715.3,10,2,"49.709, -105.598",NA,NA,NA,NA,NA,NA,NA,NA,NA,NA,NA,NA,NA,NA,NA,NA,NA,NA,NA,NA,NA,NA,NA,0,24,-Inf,9.2,-Inf,38,NA,NA
2020-11-25,1,27-095-3051,Mille_Lacs,Mille Lacs,33.102,30.556,30.525,29.806,41.059,33.564,30.214,31,31,28,27,38,28,28,5.856,6.215,4.935,5.64,4.913,7.577,4.585,31,24,20,23,20,26,19,30.2,5.12,29.15,3.85,27,16,28,21,31,33.5,15,3.6,NA,NA,NA,NA,NA,NA,NA,NA,NA,NA,NA,NA,NA,NA,NA,NA,NA,NA,NA,NA,NA,275.5,523.4,3.1,3.1,301.4,10,2,"44.714, -91.335",NA,NA,NA,NA,NA,NA,NA,NA,NA,NA,NA,NA,NA,NA,NA,NA,NA,NA,NA,NA,NA,NA,NA,0,NA,-Inf,NA,-Inf,NA,NA,NA
2020-11-25,1,27-109-5008,Rochester,Rochester,39.166,40.603,38.036,40.156,41.61,35.423,40.726,32,36,35,37,38,37,37,11.394,10.173,11.342,8.633,15.992,10.829,10.124,45,47,47,36,59,42,42,22.14,8.3,24.2,5.74,22,24,20,35,36,38.9,25,6,NA,NA,NA,NA,NA,NA,NA,NA,NA,NA,NA,NA,NA,NA,NA,NA,NA,NA,NA,NA,NA,278.3,589.2,4.3,4.3,287.3,10,2,"42.677, -89.842",NA,NA,NA,NA,NA,NA,NA,NA,NA,NA,NA,NA,NA,NA,NA,NA,NA,NA,NA,NA,NA,NA,NA,0,24,-Inf,4.1,-Inf,17,NA,NA
2020-11-25,1,27-123-0868,Ramsey_Health,Minneapolis-St. Paul,NA,NA,NA,NA,NA,NA,NA,NA,NA,NA,NA,NA,NA,NA,12.999,14.574,13.219,13.546,9.985,13.672,13.307,54,53,53,54,41,56,54,20.74,12.44,20.13,9.16,19,38,19,52,NA,NA,30,7.2,NA,NA,NA,NA,NA,NA,NA,NA,NA,NA,NA,NA,NA,NA,NA,NA,NA,NA,NA,NA,NA,276.8,533.5,3.7,3.7,348.9,10,2,"43.778, -90.522",NA,NA,NA,NA,NA,NA,NA,NA,NA,NA,NA,NA,NA,NA,NA,NA,NA,NA,NA,NA,NA,NA,NA,NA,NA,NA,NA,NA,NA,NA,NA
2020-11-25,1,27-123-0871,Harding,Minneapolis-St. Paul,NA,NA,NA,NA,NA,NA,NA,NA,NA,NA,NA,NA,NA,NA,10.652,12.294,11.014,10.704,7.694,11.556,10.636,48,44,46,45,32,51,44,22.68,12.25,22.13,8.4,20,35,20,51,NA,NA,30,7.2,NA,NA,NA,NA,NA,NA,NA,NA,NA,NA,NA,NA,NA,NA,NA,NA,NA,NA,NA,NA,NA,277,512.8,3.8,3.8,332.4,10,2,"43.776, -90.363",NA,NA,NA,NA,NA,NA,NA,NA,NA,NA,NA,NA,NA,NA,NA,NA,NA,NA,NA,NA,NA,NA,NA,NA,24,NA,5.8,NA,24,NA,NA
2020-11-25,1,27-137-7001,Virginia,Virginia,36.283,33.851,34.868,32.467,44.733,35.498,35.445,32,33,31,30,41,31,32,10.548,10.314,11.725,8.89,12.567,9.245,10.929,38,44,49,37,52,43,45,20.44,6.73,20.95,3.5,19,15,19,28,33,35.6,23,5.5,NA,NA,NA,NA,NA,NA,NA,NA,NA,NA,NA,NA,NA,NA,NA,NA,NA,NA,NA,NA,NA,272.4,694.1,2.8,2.8,346.2,10,2,"46.38, -90.791",NA,NA,NA,NA,NA,NA,NA,NA,NA,NA,NA,NA,NA,NA,NA,NA,NA,NA,NA,NA,NA,NA,NA,NA,24,NA,4.5,NA,19,NA,NA
2020-11-25,1,27-137-7550,Duluth_WDSE,Duluth,28.523,28.079,27.161,27.772,32.573,27.031,26.334,25,26,25,25,30,26,24,5.02,5.05,4.217,4.969,4.785,6.077,4.528,25,21,18,20,20,21,19,18.54,6.89,25.67,4.79,23,20,17,28,26,28.1,35,8.4,NA,NA,NA,NA,NA,NA,NA,NA,NA,NA,NA,NA,NA,NA,NA,NA,NA,NA,NA,NA,NA,271.3,605.6,2.4,2.4,417.2,10,2,"45.525, -90.691",NA,NA,NA,NA,NA,NA,NA,NA,NA,NA,NA,NA,NA,NA,NA,NA,NA,NA,NA,NA,NA,NA,NA,24,24,19.7,4.4,18,18,NA,NA
2020-11-25,1,27-139-0505,Shakopee,South Twin Cities Metro,28.604,27.591,26.552,30.145,31.575,27.158,25.717,25,26,24,28,29,25,23,12.223,11.799,12.274,10.61,14.224,12.207,10.979,51,51,51,44,55,49,45,23.8,9.57,17.42,6.73,16,28,21,40,26,28.1,30,7.2,NA,NA,NA,NA,NA,NA,NA,NA,NA,NA,NA,NA,NA,NA,NA,NA,NA,NA,NA,NA,NA,276.9,446.7,3.7,3.7,281.1,10,2,"43.721, -91.291",NA,NA,NA,NA,NA,NA,NA,NA,NA,NA,NA,NA,NA,NA,NA,NA,NA,NA,NA,NA,NA,NA,NA,24,24,15.1,4.5,14,19,NA,NA
2020-11-25,1,27-145-3052,St_Cloud,St. Cloud,35.482,39.088,34.207,35.759,34.27,34.084,34.85,31,32,31,32,31,36,31,8.312,9.244,8.466,8.168,8.574,7.108,8.236,30,35,35,34,35,38,34,27.55,7.12,27.8,4.99,25,20,25,30,32,34.6,20,4.8,NA,NA,NA,NA,NA,NA,NA,NA,NA,NA,NA,NA,NA,NA,NA,NA,NA,NA,NA,NA,NA,276,426.3,3.5,3.5,324.2,10,2,"44.07, -91.958",NA,NA,NA,NA,NA,NA,NA,NA,NA,NA,NA,NA,NA,NA,NA,NA,NA,NA,NA,NA,NA,NA,NA,0,24,-Inf,6.7,-Inf,28,NA,NA
2020-11-25,1,27-163-6016,Marine_St_Croix,North Twin Cities Metro,40.656,41.75,37.313,40.945,45.273,38,41.387,35,37,34,37,42,38,38,NA,NA,NA,NA,NA,NA,NA,NA,NA,NA,NA,NA,NA,NA,28.53,6.2,24.42,3.49,22,14,26,26,37,40,27,6.5,NA,NA,NA,NA,NA,NA,NA,NA,NA,NA,NA,NA,NA,NA,NA,NA,NA,NA,NA,NA,NA,276.9,509.3,3.6,3.7,282.1,10,2,"43.975, -89.978",NA,NA,NA,NA,NA,NA,NA,NA,NA,NA,NA,NA,NA,NA,NA,NA,NA,NA,NA,NA,NA,NA,NA,0,NA,-Inf,NA,-Inf,NA,NA,NA
2020-11-25,1,27-171-3201,St_Michael,North Twin Cities Metro,37.367,37.12,38.341,39.291,37.084,35,35.735,32,34,35,36,34,34,32,7.55,8.573,7.892,7.824,5.219,8.243,6.727,34,31,33,33,22,35,28,25.89,9.73,24.62,7.95,22,33,23,40,34,36.7,27,6.5,NA,NA,NA,NA,NA,NA,NA,NA,NA,NA,NA,NA,NA,NA,NA,NA,NA,NA,NA,NA,NA,276.6,470.3,3.6,3.6,260.7,10,2,"44.015, -91.21",NA,NA,NA,NA,NA,NA,NA,NA,NA,NA,NA,NA,NA,NA,NA,NA,NA,NA,NA,NA,NA,NA,NA,0,24,-Inf,5.6,-Inf,23,NA,NA
2020-11-25,1,38-017-1004,Fargo,Moorhead,34.435,30.501,32.427,30.126,41.067,38.053,35.223,35,31,30,28,38,28,32,14.785,12.816,12.099,15.967,19.447,13.597,12.693,54,56,50,59,66,52,52,27.63,7.51,24.35,10.1,22,42,25,31,31,33.5,40,9.6,NA,NA,NA,NA,NA,NA,NA,NA,NA,NA,NA,NA,NA,NA,NA,NA,NA,NA,NA,NA,NA,264.7,451.8,2,2,577.7,10,2,"49.741, -103.996",NA,NA,NA,NA,NA,NA,NA,NA,NA,NA,NA,NA,NA,NA,NA,NA,NA,NA,NA,NA,NA,NA,NA,NA,NA,19,12.3,18,51,NA,NA
2020-11-25,1,55-063-0012,Winona,Winona,38.924,37.87,38.592,41.993,42.007,34.156,38.307,31,35,35,38,39,34,35,10.906,12.712,10.073,9.46,11.843,10.441,9.996,43,45,42,39,49,52,41,20.59,5.38,20.54,7.51,19,31,19,22,35,37.8,30,7.2,NA,NA,NA,NA,NA,NA,NA,NA,NA,NA,NA,NA,NA,NA,NA,NA,NA,NA,NA,NA,NA,280,742.1,4.4,4.4,260.4,10,2,"42.31, -88.349",NA,NA,NA,NA,NA,NA,NA,NA,NA,NA,NA,NA,NA,NA,NA,NA,NA,NA,NA,NA,NA,NA,NA,NA,NA,NA,11.8,NA,49,NA,NA
2020-11-26,1,27-003-1001,Cedar_Creek,North Twin Cities Metro,28.104,29.116,28.939,29.509,24.109,28.848,30.126,26,26,26,27,22,27,28,NA,NA,NA,NA,NA,NA,NA,NA,NA,NA,NA,NA,NA,NA,27.95,14.73,26.93,11.04,24,46,25,56,26,28.1,24,5.8,North_Metro,11,45.5628,-93.2644,3,40.84,SW,SW,Calm,513.67,488.165,8.925,0.642222222222,0.69,17.95,5.95,0.394444444444,1.39,-1.96,10,7.85,275.1,401.1,4.2,4.2,291.8,10,0,"44.532, -93.826",NA,NA,NA,NA,NA,NA,NA,NA,NA,NA,NA,NA,NA,NA,NA,NA,NA,NA,NA,NA,NA,NA,NA,0,NA,-Inf,NA,-Inf,NA,27,25
2020-11-26,1,27-003-1002,Anoka,North Twin Cities Metro,29.543,30.403,29.633,29.179,25.237,33.26,29.311,31,27,27,27,23,28,27,7.079,7.388,8.469,6.062,5.348,8.128,7.371,34,29,35,25,22,30,30,25.08,18.05,26.16,12.97,24,53,23,63,27,29.2,24,5.8,North_Metro,11,45.142563,-93.212739,3,41.3,SW,SW,Calm,513.67,488.165,8.925,0.651111111111,0.69,15.55,5.9,0.306666666667,2.16,-4.2,10,7.11,275,759.6,4.1,4.1,288,10,0,"44.289, -94.195",NA,NA,NA,NA,NA,NA,NA,NA,NA,NA,NA,NA,NA,NA,NA,NA,NA,NA,NA,NA,NA,NA,NA,24,24,19.3,8.7,18,36,27,25
2020-11-26,1,27-005-2013,Detroit_Lakes,Detroit Lakes,28.011,29.985,29.045,30.23,23.611,27.184,29.862,25,26,27,28,21,27,27,9.077,11.375,9.642,7.283,5.035,12.051,10.851,50,38,40,30,21,47,45,31.02,8.99,30.79,5.22,28,22,29,37,26,28.1,33,7.9,NW,11,46.8285,-95.8857,3,36.34,W,W,S,0,18.38,8.59,0.686666666667,0.67,23.5,12,0.582222222222,-0.12,-1.06,9.958,10.48,267.4,772.2,2.6,2.6,454.5,10,0,"44.206, -97.673",NA,NA,NA,NA,NA,NA,NA,NA,NA,NA,NA,NA,NA,NA,NA,NA,NA,NA,NA,NA,NA,NA,NA,0,24,-Inf,5.1,-Inf,21,33,31
2020-11-26,1,27-007-2304,Red_Lake,Red Lake,26.502,28.092,29.656,26.253,22.236,26.273,29.5,24,24,27,24,20,26,27,6.555,10.697,8.368,5.357,0.922,7.432,7.978,31,27,35,22,4,44,33,32.18,5.06,31.57,7.98,29,33,30,21,24,25.9,35,8.4,NW,11,47.5076,-94.9277,3,36.23,W,W,SW,679.42,566.46,8.57,0.665555555556,0.68,23.5,12.05,0.777777777778,-0.94,-0.51,9.457,9.92,273.2,667.7,3.1,3.1,339.4,10,0,"45.317, -96.62",NA,NA,NA,NA,NA,NA,NA,NA,NA,NA,NA,NA,NA,NA,NA,NA,NA,NA,NA,NA,NA,NA,NA,NA,24,NA,9.4,NA,39,32,30
2020-11-26,1,27-017-7417,Fond_Du_Lac,Fond du Lac,27.257,27.875,25.127,29.561,25.281,28.444,29.843,26,25,23,27,23,25,27,6.305,5.395,6.028,5.794,7.641,6.665,4.495,27,26,25,24,32,22,18,34.13,8.01,33.7,4.11,31,17,31,33,25,27,15,3.6,Fond_du_Lac_r,11,46.698575,-92.50345,3,37.58,W,SW,Calm,679.42,566.46,8.57,0.723333333333,0.71,18,6,0.957777777778,0.07,-1.62,9.331,9.07,273.7,318.9,3.8,3.8,285.1,10,0,"45.502, -93.133",NA,NA,NA,NA,NA,NA,NA,NA,NA,NA,NA,NA,NA,NA,NA,NA,NA,NA,NA,NA,NA,NA,NA,0,24,-Inf,4.5,-Inf,19,33,31
2020-11-26,1,27-021-3410,Leech_Lake,Leech Lake,26.831,28.092,31.299,26.253,22.236,26.273,29.834,24,24,29,24,20,26,27,6.191,10.709,7.657,4.98,1.223,6.385,6.943,26,25,32,20,5,45,29,31.8,5.51,31.04,5.11,29,21,29,23,24,25.9,25,6,NW,11,47.5076,-94.9277,3,36.23,W,W,SW,679.42,566.46,8.57,0.665555555556,0.68,23.5,10,0.777777777778,-0.94,-0.51,9.457,9.92,273,283.7,3.2,3.2,304,10,0,"45.123, -96.095",NA,NA,NA,NA,NA,NA,NA,NA,NA,NA,NA,NA,NA,NA,NA,NA,NA,NA,NA,NA,NA,NA,NA,NA,24,NA,4.6,NA,19,31,29
2020-11-26,1,27-031-7810,Grand_Portage,Grand Portage,31.607,30.694,29.57,30.822,33.699,33.252,28.746,31,29,27,28,31,28,26,2.775,3.409,3.699,3.277,-1.32,4.812,2.596,20,11,15,13,0,14,10,32.94,3.7,32.11,3.23,30,13,30,15,29,31.3,13,3.1,NE,11,47.7472,-90.3433,3,39.69,W,W,Calm,679.42,566.46,8.57,0.782222222222,0.76,19.15,2.1,0.895555555556,0.36,-1.31,10,10.62,273.9,827.7,3.7,3.7,349.6,10,0,"46.233, -92.156",NA,NA,NA,NA,NA,NA,NA,NA,NA,NA,NA,NA,NA,NA,NA,NA,NA,NA,NA,NA,NA,NA,NA,NA,23,NA,2.7,NA,11,31,29
2020-11-26,1,27-035-3204,Brainerd,Brainerd,30.96,29.478,31.708,29.441,33.114,31.06,29.616,29,28,29,27,31,27,27,4.941,4.348,4.447,3.801,4.891,7.217,4.609,30,20,18,16,20,18,19,31.31,9.38,27.32,6.55,25,27,29,39,28,30.2,19,4.6,Central,11,46.402062,-94.12736,3,37.83,W,SW,Calm,513.67,488.165,8.925,0.665555555556,0.67,18.6,7.1,0.468888888889,-0.33,-2.63,9.983,9.3,273.3,827.4,3.5,3.5,320,10,0,"44.695, -95.651",NA,NA,NA,NA,NA,NA,NA,NA,NA,NA,NA,NA,NA,NA,NA,NA,NA,NA,NA,NA,NA,NA,NA,0,24,-Inf,5,-Inf,21,31,29
2020-11-26,1,27-037-0470,Apple_Valley,South Twin Cities Metro,NA,NA,NA,NA,NA,NA,NA,NA,NA,NA,NA,NA,NA,NA,6.266,5.077,5.096,5.871,7.741,7.547,4.901,31,26,21,24,32,21,20,28.21,13.98,25.48,10.29,23,43,26,55,NA,NA,26,6.2,South_Metro,11,44.8249,-93.457,3,41.63,SW,SW,Calm,513.67,488.165,8.925,0.661111111111,0.72,22,4,0.274444444444,3.59,-3.02,10,7.87,273,501.2,3.8,3.8,394.4,10,0,"43.831, -94.743",NA,NA,NA,NA,NA,NA,NA,NA,NA,NA,NA,NA,NA,NA,NA,NA,NA,NA,NA,NA,NA,NA,NA,NA,24,NA,7.5,NA,31,26,24
2020-11-26,1,27-037-0480,Lakeville,South Twin Cities Metro,NA,NA,NA,NA,NA,NA,NA,NA,NA,NA,NA,NA,NA,NA,6.653,5.145,6.056,5.425,8.701,7.937,4.765,33,27,25,23,36,21,20,28.62,13.6,25.77,10.12,23,42,26,54,NA,NA,26,6.2,South_Metro,11,44.6252,-93.2273,3,43.71,SW,SW,Calm,513.67,488.165,8.925,0.607777777778,0.69,22,4,0.268888888889,5.43,0.91,10,8.45,272,454.2,3.6,3.6,416,10,0,"43.739, -94.891",NA,NA,NA,NA,NA,NA,NA,NA,NA,NA,NA,NA,NA,NA,NA,NA,NA,NA,NA,NA,NA,NA,NA,NA,24,NA,8.4,NA,35,27,25
2020-11-26,1,27-049-5302,Stanton,South Twin Cities Metro,31.917,29.051,29.803,28.982,40.305,31.446,33.962,29,29,27,26,37,27,31,NA,NA,NA,NA,NA,NA,NA,NA,NA,NA,NA,NA,NA,NA,28.5,13.75,26.74,10.33,24,43,26,54,29,31.3,26,6.2,South_Metro,11,44.6252,-93.2273,3,43.71,SW,SW,Calm,513.67,488.165,8.925,0.607777777778,0.69,22,7.8,0.268888888889,5.43,0.91,10,8.45,273.9,506.7,3.8,3.8,388.2,10,0,"43.705, -94.661",NA,NA,NA,NA,NA,NA,NA,NA,NA,NA,NA,NA,NA,NA,NA,NA,NA,NA,NA,NA,NA,NA,NA,0,NA,-Inf,NA,-Inf,NA,26,24
2020-11-26,1,27-053-0962,MSP,Minneapolis-St. Paul,22.951,22.357,21.347,21.678,22.812,26.561,21.214,24,20,19,19,20,20,19,10.141,8.748,8.082,8.958,14.067,10.853,9.067,45,42,33,37,55,36,38,23.73,16.28,21.48,13.29,19,53,21,60,20,21.6,30,7.2,MSP,11,44.8852,-93.2313,3,42.41,SW,SW,Calm,513.67,488.165,8.925,0.643333333333,0.71,15.6,5.25,0.277777777778,4.33,-1.965,10,7.15,273.5,1013.6,3.8,3.8,318,10,0,"44.063, -94.589",NA,NA,NA,NA,NA,NA,NA,NA,NA,NA,NA,NA,NA,NA,NA,NA,NA,NA,NA,NA,NA,NA,NA,0,24,-Inf,8.9,-Inf,37,23,21
2020-11-26,1,27-053-0963,HC_Anderson,Minneapolis-St. Paul,NA,NA,NA,NA,NA,NA,NA,NA,NA,NA,NA,NA,NA,NA,7.92,7.081,6.967,6.636,10.636,8.279,6.521,34,33,29,27,44,29,27,24.27,15.92,21.8,12.84,19,52,22,59,NA,NA,30,7.2,MSP,11,44.8852,-93.2313,3,42.41,SW,SW,Calm,513.67,488.165,8.925,0.643333333333,0.71,15.6,5.25,0.277777777778,4.33,-1.965,10,7.15,273.4,1014.5,3.8,3.8,319.9,10,0,"44.055, -94.596",NA,NA,NA,NA,NA,NA,NA,NA,NA,NA,NA,NA,NA,NA,NA,NA,NA,NA,NA,NA,NA,NA,NA,NA,24,NA,6.2,NA,26,23,21
2020-11-26,1,27-053-2006,St_Louis_Park,Minneapolis-St. Paul,NA,NA,NA,NA,NA,NA,NA,NA,NA,NA,NA,NA,NA,NA,7.71,7.005,6.538,7.055,9.54,8.41,6.25,35,32,27,29,40,29,26,25.82,14.95,23.85,11.85,21,49,23,57,NA,NA,30,7.2,MSP,11,45.061746,-93.353996,3,42.48,SW,SW,Calm,513.67,488.165,8.925,0.623333333333,0.69,14.5,6.4,0.288888888889,4.23,-1.04,10,7.21,273.2,946.7,3.8,3.8,336.2,10,0,"44.024, -94.669",NA,NA,NA,NA,NA,NA,NA,NA,NA,NA,NA,NA,NA,NA,NA,NA,NA,NA,NA,NA,NA,NA,NA,NA,NA,NA,NA,NA,NA,27,25
2020-11-26,1,27-075-0005,Ely,Ely,32.286,30.657,31.469,31.049,35.003,33.252,29.8,31,30,29,29,32,28,27,8.372,6.856,8.558,4.726,11.895,9.824,5.853,41,35,35,20,49,28,24,29.51,3.41,33.94,1.98,31,8,27,14,30,32.4,15,3.6,NE,11,47.824724,-91.832975,3,35.64,W,SW,Calm,679.42,566.46,8.57,0.702222222222,0.71,21.8,8.4,0.964444444444,-0.37,0.04,9.104,8.26,273.7,672.4,3.7,3.7,352,10,0,"46.292, -92.729",NA,NA,NA,NA,NA,NA,NA,NA,NA,NA,NA,NA,NA,NA,NA,NA,NA,NA,NA,NA,NA,NA,NA,0,24,-Inf,5,-Inf,21,35,32
2020-11-26,1,27-083-4210,Marshall,Marshall,31.676,30.434,30.921,30.358,33.771,32.896,30.45,30,29,28,28,31,28,28,5.671,4.332,1.598,6.001,7.645,8.781,4.143,36,23,6,25,32,18,17,27.97,9.64,24.98,6.11,22,25,25,40,29,31.3,20,4.8,SW,11,44.450439,-95.821504,3,42.41,NW,W,W,513.67,488.165,8.925,0.618888888889,0.66,22,10,0.312222222222,3.21,-2.19,10,10.04,268.3,598.6,2.8,2.8,483.7,10,0,"42.373, -97.027",NA,NA,NA,NA,NA,NA,NA,NA,NA,NA,NA,NA,NA,NA,NA,NA,NA,NA,NA,NA,NA,NA,NA,0,24,-Inf,7.4,-Inf,31,22,20
2020-11-26,1,27-095-3051,Mille_Lacs,Mille Lacs,25.91,25.822,26.882,24.814,25.616,26.417,23.566,24,23,24,22,23,23,21,4.321,4.056,3.837,4.027,3.766,5.918,3.986,25,18,16,17,15,17,16,31.31,9.18,29.95,6.42,27,27,29,38,23,24.8,20,4.8,Central,11,46.548965,-93.675734,3,33.69,W,SW,Calm,513.67,488.165,8.925,0.744444444444,0.82,16.05,6.25,0.691111111111,-3.82,-5.81,9.918,9.54,273.6,827.7,3.7,3.7,320,10,0,"44.715, -95.349",NA,NA,NA,NA,NA,NA,NA,NA,NA,NA,NA,NA,NA,NA,NA,NA,NA,NA,NA,NA,NA,NA,NA,0,NA,-Inf,NA,-Inf,NA,32,30
2020-11-26,1,27-109-5008,Rochester,Rochester,30.366,28.464,29.854,28.548,36.47,28.496,30.647,26,28,27,26,33,26,28,8.158,6.519,6.852,6.435,12.269,8.717,7.004,36,34,28,27,51,27,29,31.03,12.58,29.26,9.25,27,38,29,52,28,30.2,25,6,SE,11,43.904,-92.4921,3,40.35,SW,SW,Calm,513.67,488.165,8.925,0.721111111111,0.79,22,4.2,0.376666666667,3.48,-7.13,9.963,9.22,274.6,974.9,4,4,364.1,10,0,"43.492, -94.388",NA,NA,NA,NA,NA,NA,NA,NA,NA,NA,NA,NA,NA,NA,NA,NA,NA,NA,NA,NA,NA,NA,NA,0,24,-Inf,7.3,-Inf,30,29,27
2020-11-26,1,27-123-0868,Ramsey_Health,Minneapolis-St. Paul,NA,NA,NA,NA,NA,NA,NA,NA,NA,NA,NA,NA,NA,NA,8.234,8.79,8.342,8.1,7.64,8.299,8.043,34,34,35,33,32,36,33,24.66,17.69,20.87,13.45,19,54,22,63,NA,NA,30,7.2,MSP,11,44.9323,-93.0559,3,42.82,W,SW,Calm,513.67,488.165,8.925,0.653333333333,0.71,15.6,5.3,0.318888888889,3.93,-1.83,10,7,274.6,549.2,3.9,3.9,309.4,10,0,"44.093, -94.429",NA,NA,NA,NA,NA,NA,NA,NA,NA,NA,NA,NA,NA,NA,NA,NA,NA,NA,NA,NA,NA,NA,NA,NA,NA,NA,NA,NA,NA,22,20
2020-11-26,1,27-123-0871,Harding,Minneapolis-St. Paul,NA,NA,NA,NA,NA,NA,NA,NA,NA,NA,NA,NA,NA,NA,6.122,5.81,5.633,5.777,6.139,7.249,5.015,30,25,23,24,25,24,21,23.67,18.58,20.41,13.51,19,54,21,64,NA,NA,30,7.2,MSP,11,44.9323,-93.0559,3,42.82,W,SW,Calm,513.67,488.165,8.925,0.653333333333,0.71,15.6,5.2,0.318888888889,3.93,-1.83,10,7,274.9,821.7,4,4,301,10,0,"44.14, -94.29",NA,NA,NA,NA,NA,NA,NA,NA,NA,NA,NA,NA,NA,NA,NA,NA,NA,NA,NA,NA,NA,NA,NA,NA,24,NA,8.5,NA,35,22,20
2020-11-26,1,27-137-7001,Virginia,Virginia,31.326,30.356,29.452,30.356,33.212,33.252,28.749,31,29,27,28,31,28,26,8.616,8.069,7.476,6.298,11.991,9.245,6.102,38,36,31,26,50,33,25,29.4,6.99,30.23,5.71,28,24,27,29,29,31.3,20,4.8,NE,11,47.4274,-92.4973,3,36.82,W,SW,Calm,679.42,566.46,8.57,0.675555555556,0.72,18.3,6.25,0.97,1.55,0.32,8.987,8.57,274,769,4,4,326.2,10,0,"45.784, -93.576",NA,NA,NA,NA,NA,NA,NA,NA,NA,NA,NA,NA,NA,NA,NA,NA,NA,NA,NA,NA,NA,NA,NA,NA,24,NA,5.5,NA,23,31,29
2020-11-26,1,27-137-7550,Duluth_WDSE,Duluth,24.545,25.116,25.435,25.154,21.261,25.758,23.687,23,22,23,23,19,23,21,5.894,5.984,5.266,6.363,5.433,6.424,4.075,27,24,22,26,23,25,17,31.84,8.21,31.42,6.95,29,29,29,34,22,23.8,30,7.2,Duluth,11,46.8434,-92.1866,3,36.92,W,SW,Calm,679.42,566.46,8.57,0.714444444444,0.72,17.5,6.45,0.963333333333,0.22,-1.83,9.912,8.99,274,351.6,3.9,3.9,272,10,0,"45.587, -92.921",NA,NA,NA,NA,NA,NA,NA,NA,NA,NA,NA,NA,NA,NA,NA,NA,NA,NA,NA,NA,NA,NA,NA,24,24,26,6.2,24,26,32,30
2020-11-26,1,27-139-0505,Shakopee,South Twin Cities Metro,27.317,26.674,28.374,26.747,25.017,29.773,27.869,27,25,26,24,23,24,25,8.077,6.586,6.796,6.714,12.054,8.234,6.77,34,33,28,28,50,27,28,29.53,13.19,26.45,9.8,24,41,27,53,25,27,26,6.2,South_Metro,11,44.824871,-93.457042,3,41.63,SW,SW,Calm,513.67,488.165,8.925,0.661111111111,0.72,14.5,6.15,0.274444444444,3.58,-3.015,10,7.87,272.8,416.3,3.8,3.8,415.2,10,0,"43.759, -94.94",NA,NA,NA,NA,NA,NA,NA,NA,NA,NA,NA,NA,NA,NA,NA,NA,NA,NA,NA,NA,NA,NA,NA,24,24,19.7,6.4,18,27,28,26
2020-11-26,1,27-145-3052,St_Cloud,St. Cloud,29.484,27.966,31.888,27.916,28.732,30.919,26.747,28,27,29,25,26,25,24,4.466,3.736,4.308,3.699,5.008,5.579,3.762,23,18,18,15,21,15,15,31.12,13.02,27.77,9,25,38,29,53,27,29.2,21,5,Central,11,45.54415,-94.051625,3,38.14,W,W,Calm,513.67,488.165,8.925,0.695555555556,0.74,23.15,2.95,0.3,0.81,-4.57,10,8.76,272.7,769.9,3.5,3.6,393.9,10,0,"44.222, -95.514",NA,NA,NA,NA,NA,NA,NA,NA,NA,NA,NA,NA,NA,NA,NA,NA,NA,NA,NA,NA,NA,NA,NA,0,24,-Inf,8,-Inf,33,25,23
2020-11-26,1,27-163-6016,Marine_St_Croix,North Twin Cities Metro,30.39,28.283,26.692,28.31,38.545,30.122,33.098,28,28,24,26,35,26,31,NA,NA,NA,NA,NA,NA,NA,NA,NA,NA,NA,NA,NA,NA,26.06,15.68,26.41,11.97,24,50,24,58,28,30.2,24,5.8,North_Metro,11,44.592622,-92.48438,3,45.87,W,SW,Calm,513.67,488.165,8.925,0.632222222222,0.72,18.15,5.95,0.416666666667,5.45,1.27,9.975,7.76,274.6,423.8,4.1,4.2,318.6,10,0,"44.481, -93.242",NA,NA,NA,NA,NA,NA,NA,NA,NA,NA,NA,NA,NA,NA,NA,NA,NA,NA,NA,NA,NA,NA,NA,0,NA,-Inf,NA,-Inf,NA,28,26
2020-11-26,1,27-171-3201,St_Michael,North Twin Cities Metro,28.898,29.422,30.701,28.966,26.468,28.935,28.513,26,26,28,26,24,27,26,5.825,5.681,6.5,5.523,3.513,7.91,4.723,33,24,27,23,15,23,20,30.41,13.08,29.13,10.74,27,45,28,53,26,28.1,24,5.8,North_Metro,11,45.54415,-94.051625,3,38.14,W,W,Calm,513.67,488.165,8.925,0.695555555556,0.74,15.55,5.9,0.3,0.81,-4.57,10,8.76,273.6,916.8,3.8,3.8,342.4,10,0,"44.172, -95.003",NA,NA,NA,NA,NA,NA,NA,NA,NA,NA,NA,NA,NA,NA,NA,NA,NA,NA,NA,NA,NA,NA,NA,0,24,-Inf,9.2,-Inf,38,26,24
2020-11-26,1,38-017-1004,Fargo,Moorhead,29.636,28.036,25.75,28.612,31.888,33.897,29.739,31,27,23,26,29,26,27,14.017,11.001,9.627,16.525,19.292,13.638,7.416,54,55,40,60,66,46,31,26.32,6.94,25.79,8.82,23,37,24,29,27,29.2,48,11.5,NW,11,46.9111,-96.8147,3,37.88,W,W,S,0,18.38,8.59,0.64,0.66,26.25,11.9,0.354444444444,0.85,-1.59,10,9.43,270.3,468.9,3.4,3.4,696.4,10,0,"52.982, -107.459",NA,NA,NA,NA,NA,NA,NA,NA,NA,NA,NA,NA,NA,NA,NA,NA,NA,NA,NA,NA,NA,NA,NA,NA,NA,25,9.1,23,38,24,22
2020-11-26,1,55-063-0012,Winona,Winona,31.764,31.705,30.315,31.251,33.319,32.232,30.196,30,29,28,29,31,29,28,7.658,7.346,8.032,6.126,9.487,7.3,8.306,30,32,33,25,39,30,35,33.71,9.47,29.06,9.1,27,38,31,39,29,31.3,40,9.6,SE,11,43.8792,-91.2532,3,43.73,SW,SW,Calm,513.67,488.165,8.925,0.745555555556,0.75,17,7.05,0.457777777778,0.73,-1.77,9.877,6.95,273.7,403.5,4.1,4.1,371.7,10,0,"43.96, -92.419",NA,NA,NA,NA,NA,NA,NA,NA,NA,NA,NA,NA,NA,NA,NA,NA,NA,NA,NA,NA,NA,NA,NA,NA,NA,NA,10.1,NA,42,25,23
